Workbook
Name ChemicalNames: OFFSET('Chemical Data'!$A$5,0,0,MAX(1,COUNTA('Chemical Data'!$A$5:$A$500)),1)

Sheet Model
B1: Secondary Poisoning Model
B2: Steady-state bioaccumulation of (ionisable) pharmaceuticals in aquatic, terrestrial and subterranean food chains.
B4: How to use | J4: Cell key
B5: 1. Chemical: choose Lookup and pick a pharmaceutical from the list, or choose Manual Input and fill in column E. | J5: Input – yellow cells can be edited
B6: 2. Environment: enter the water and/or soil concentration and conditions. | J6: Calculated – do not overwrite
B7: 3. Food chain: set class, environment, diet, blood type, body mass and internal pH for up to four trophic levels (None = level not modelled). | J7: Main result
B8: 4. Results (top right) update automatically. Intermediate calculations are below row 60 and do not need input. | J8: '–' = not applicable / not available
B11: 1 CHEMICAL | J11: RESULTS | R11: TIME-COURSE (for the chart)
B12: Chemical input | D12: Lookup | E12: Lookup = 'Chemical Data' sheet; Manual Input = your own values in column E | J12: Output | K12: Unit | L12: TL 1 | M12: TL 2 | N12: TL 3 | O12: TL 4 | R12: Quantity | S12: TL 1 | T12: TL 2 | U12: TL 3 | V12: TL 4
B13: Pharmaceutical (Lookup) | D13: Metoprolol | F13: Drop-down list of 61 pharmaceuticals | J13: Organism | K13: – | L13: =IF(D$46="None","–",D$46) -> Algae | M13: =IF(E$46="None","–",E$46) -> Crustaceans | N13: =IF(F$46="None","–",F$46) -> Fish | O13: =IF(G$46="None","–",G$46) -> Birds | R13: Level modelled | S13: =ISNUMBER(L$14) -> TRUE | T13: =ISNUMBER(M$14) -> TRUE | U13: =ISNUMBER(N$14) -> TRUE | V13: =ISNUMBER(O$14) -> TRUE
B14: Property | C14: Unit | D14: Database | E14: Manual input | F14: Value used | G14: Source | H14: Notes | J14: Steady-state concentration | K14: µg/kg ww | L14: =IF(OR(D$46="None",$D$31<>"OK"),"-",IFERROR((L24*$D$35+L25*$D$72+L26*$D$73+L27*IF(D$48="Detritus",$D$71,0))/L35,"-")) -> 0.0663785 | M14: =IF(OR(E$46="None",$D$31<>"OK"),"-",IFERROR((M24*$D$35+M25*$D$72+M26*$D$73+M27*IF(E$48="Detritus",$D$71,L14))/M35,"-")) -> 0.18130765 | N14: =IF(OR(F$46="None",$D$31<>"OK"),"-",IFERROR((N24*$D$35+N25*$D$72+N26*$D$73+N27*IF(F$48="Detritus",$D$71,M14))/N35,"-")) -> 0.22165911 | O14: =IF(OR(G$46="None",$D$31<>"OK"),"-",IFERROR((O24*$D$35+O25*$D$72+O26*$D$73+O27*IF(G$48="Detritus",$D$71,N14))/O35,"-")) -> 0.0025971749 | R14: Uptake from water/air/pore water (µg/kg/d) | S14: =IF(S13,L24*$D$35+L25*$D$72+L26*$D$73,0) -> 0.015104867 | T14: =IF(T13,M24*$D$35+M25*$D$72+M26*$D$73,0) -> 0.18166013 | U14: =IF(U13,N24*$D$35+N25*$D$72+N26*$D$73,0) -> 0.018166013 | V14: =IF(V13,O24*$D$35+O25*$D$72+O26*$D$73,0) -> 0
B15: Name | C15: – | D15: =IF(ISNUMBER($D$64),INDEX('Chemical Data'!$A$5:$A$500,$D$64),"–") -> Metoprolol | E15: My compound | F15: =IF($D$12="Manual Input",IF(E15="","(manual compound)",E15),D15) -> Metoprolol | G15: =IF($D$12="Manual Input","Manual","PubChem") -> PubChem | H15: Manual example values = diclofenac | J15: BAF relative to water | K15: L/kg | L15: =IF(AND(ISNUMBER(L14),N($D$35)>0),L14/$D$35,"–") -> 0.663785 | M15: =IF(AND(ISNUMBER(M14),N($D$35)>0),M14/$D$35,"–") -> 1.8130765 | N15: =IF(AND(ISNUMBER(N14),N($D$35)>0),N14/$D$35,"–") -> 2.2165911 | O15: =IF(AND(ISNUMBER(O14),N($D$35)>0),O14/$D$35,"–") -> 0.025971749 | R15: k1,in (d⁻¹) | S15: =IF(S13,L27,0) -> 0 | T15: =IF(T13,M27,0) -> 0.0029568944 | U15: =IF(U13,N27,0) -> 0.0024864711 | V15: =IF(V13,O27,0) -> 0.028808553
B16: log Kow, neutral species | C16: – | D16: =IF(ISNUMBER($D$64),INDEX('Chemical Data'!$E$5:$E$500,$D$64),"–") -> 1.6132 | E16: 4.3641 | F16: =IF($D$12="Manual Input",E16,D16) -> 1.6132 | G16: =IF($D$12="Manual Input","Manual","RDKit (Crippen)") -> RDKit (Crippen) | J16: BAF relative to soil | K16: kg/kg | L16: =IF(AND(ISNUMBER(L14),N($D$38)>0),L14/$D$38,"–") -> – | M16: =IF(AND(ISNUMBER(M14),N($D$38)>0),M14/$D$38,"–") -> – | N16: =IF(AND(ISNUMBER(N14),N($D$38)>0),N14/$D$38,"–") -> – | O16: =IF(AND(ISNUMBER(O14),N($D$38)>0),O14/$D$38,"–") -> – | R16: Σk_out (d⁻¹) | S16: =IF(S13,L35,1) -> 0.22755661 | T16: =IF(T13,M35,1) -> 1.0030267 | U16: =IF(U13,N35,1) -> 0.08398856 | V16: =IF(V13,O35,1) -> 2.4587017
B17: log Kow, ionised species | C17: – | D17: =IF(ISNUMBER($D$64),INDEX('Chemical Data'!$F$5:$F$500,$D$64),"–") -> 0.587 | E17: 3.0294 | F17: =IF($D$12="Manual Input",E17,D17) -> 0.587 | G17: =IF($D$12="Manual Input","Manual","RDKit (Crippen)") -> RDKit (Crippen) | H17: Ionised structure | J17: BMF relative to the level below | K17: – | L17: – | M17: =IF(AND(ISNUMBER(M14),ISNUMBER(L14),OR(E$48="Herbivore",E$48="Carnivore")),IF(L14>0,M14/L14,"–"),"–") -> 2.7314213 | N17: =IF(AND(ISNUMBER(N14),ISNUMBER(M14),OR(F$48="Herbivore",F$48="Carnivore")),IF(M14>0,N14/M14,"–"),"–") -> 1.222558 | O17: =IF(AND(ISNUMBER(O14),ISNUMBER(N14),OR(G$48="Herbivore",G$48="Carnivore")),IF(N14>0,O14/N14,"–"),"–") -> 0.011716978 | R17: Feeds on soil (detritus) | S17: =D$48="Detritus" -> FALSE | T17: =E$48="Detritus" -> FALSE | U17: =F$48="Detritus" -> FALSE | V17: =G$48="Detritus" -> FALSE
B18: log Koa | C18: – | D18: =IF(ISNUMBER($D$64),INDEX('Chemical Data'!$G$5:$G$500,$D$64),"–") -> 8.4 | E18: 9.3 | F18: =IF($D$12="Manual Input",E18,D18) -> 8.4 | G18: =IF($D$12="Manual Input","Manual","CompTox") -> CompTox | J18: TMF of the food chain | K18: – | L18: =IF(SUM($D$134:$G$134)>=2,10^((SUM($D$134:$G$134)*SUMPRODUCT($D$135:$G$135,$D$136:$G$136)-SUM($D$135:$G$135)*SUM($D$136:$G$136))/(SUM($D$134:$G$134)*SUMPRODUCT($D$135:$G$135,$D$135:$G$135)-SUM($D$135:$G$135)^2)),"–") -> 0.38589493 | R18: exp(−Σk_out·Δt) | S18: =EXP(-S16*$S$22) -> 0.98196017 | T18: =EXP(-T16*$S$22) -> 0.92289286 | U18: =EXP(-U16*$S$22) -> 0.99330344 | V18: =EXP(-V16*$S$22) -> 0.8214402
B19: log Kaw | C19: – | D19: =IFERROR(D16-D18,"–") -> -6.7868 | E19: (calculated) | F19: =IFERROR($F$16-$F$18,"–") -> -6.7868 | G19: (calculated) | H19: log Kow − log Koa | J19: Time to 95 % of steady state | K19: d | L19: =IF(ISNUMBER(L14),IF(COUNTIF(S$25:S$1025,"<"&0.95*L14)>1000,"> "&ROUND($S$20,3),COUNTIF(S$25:S$1025,"<"&0.95*L14)*$S$22),"–") -> 13.2 | M19: =IF(ISNUMBER(M14),IF(COUNTIF(T$25:T$1025,"<"&0.95*M14)>1000,"> "&ROUND($S$20,3),COUNTIF(T$25:T$1025,"<"&0.95*M14)*$S$22),"–") -> 3.04 | N19: =IF(ISNUMBER(N14),IF(COUNTIF(U$25:U$1025,"<"&0.95*N14)>1000,"> "&ROUND($S$20,3),COUNTIF(U$25:U$1025,"<"&0.95*N14)*$S$22),"–") -> 35.76 | O19: =IF(ISNUMBER(O14),IF(COUNTIF(V$25:V$1025,"<"&0.95*O14)>1000,"> "&ROUND($S$20,3),COUNTIF(V$25:V$1025,"<"&0.95*O14)*$S$22),"–") -> 36.16 | R19: (1 − exp(−Σk_out·Δt))/Σk_out | S19: =(1-S18)/S16 -> 0.079276218 | T19: =(1-T18)/T16 -> 0.07687447 | U19: =(1-U18)/U16 -> 0.079731838 | V19: =(1-V18)/V16 -> 0.072623612
B20: pKa (most relevant) | C20: – | D20: =IF(ISNUMBER($D$64),INDEX('Chemical Data'!$J$5:$J$500,$D$64),"–") -> 9.93 | E20: 4.13 | F20: =IF($D$12="Manual Input",E20,D20) -> 9.93 | G20: =IF($D$12="Manual Input","Manual","CompTox") -> CompTox | H20: pKa matching the ionisation type | J20: Status | K20: – | L20: =IF(D$46="None","Not modelled",IF($D$31<>"OK","Check chemical",IF(OR(NOT(ISNUMBER(D$50)),N(D$50)<=0),"Enter a body mass",IF(AND(D$47="Terrestrial",NOT(ISNUMBER(D112))),"Invalid class",IF(ISNUMBER(L14),"OK","Check inputs"))))) -> OK | M20: =IF(E$46="None","Not modelled",IF($D$31<>"OK","Check chemical",IF(OR(NOT(ISNUMBER(E$50)),N(E$50)<=0),"Enter a body mass",IF(AND(E$47="Terrestrial",NOT(ISNUMBER(E112))),"Invalid class",IF(AND(E$48<>"Detritus",NOT(ISNUMBER(L14))),"No food level",IF(ISNUMBER(M14),"OK","Check inputs")))))) -> OK | N20: =IF(F$46="None","Not modelled",IF($D$31<>"OK","Check chemical",IF(OR(NOT(ISNUMBER(F$50)),N(F$50)<=0),"Enter a body mass",IF(AND(F$47="Terrestrial",NOT(ISNUMBER(F112))),"Invalid class",IF(AND(F$48<>"Detritus",NOT(ISNUMBER(M14))),"No food level",IF(ISNUMBER(N14),"OK","Check inputs")))))) -> OK | O20: =IF(G$46="None","Not modelled",IF($D$31<>"OK","Check chemical",IF(OR(NOT(ISNUMBER(G$50)),N(G$50)<=0),"Enter a body mass",IF(AND(G$47="Terrestrial",NOT(ISNUMBER(G112))),"Invalid class",IF(AND(G$48<>"Detritus",NOT(ISNUMBER(N14))),"No food level",IF(ISNUMBER(O14),"OK","Check inputs")))))) -> OK | R20: Length used (d) | S20: =IF(ISNUMBER($D$57),$D$57,S21) -> 80 | T20: Exact exponential step for constant inputs
B21: Ionisation type | C21: – | D21: =IF(ISNUMBER($D$64),INDEX('Chemical Data'!$D$5:$D$500,$D$64),"–") -> Basic | E21: Acidic | F21: =IF($D$12="Manual Input",E21,D21) -> Basic | G21: =IF($D$12="Manual Input","Manual","RDKit") -> RDKit | H21: Acidic, Basic or Neutral | J21: Status: Invalid class = terrestrial organisms must be Birds, Mammals or Insects; No food level = level below not modelled. | R21: Auto length (d) | S21: =IF(SUM(S23:V23)>0,CEILING(4*SUM(S23:V23)/10^INT(LOG10(4*SUM(S23:V23))),1)*10^INT(LOG10(4*SUM(S23:V23))),1) -> 80 | T21: rounded up from 4 × Σ(1/Σk_out)
B22: Ionising functional group | C22: – | D22: =IF(ISNUMBER($D$64),INDEX('Chemical Data'!$C$5:$C$500,$D$64),"–") -> 2° Amine | E22: Carboxylic Acid | F22: =IF($D$12="Manual Input",E22,D22) -> 2° Amine | G22: =IF($D$12="Manual Input","Manual","RDKit") -> RDKit | H22: Selects the ionised-species descriptors | J22: RATE CONSTANTS (Equation 1) | R22: Time step Δt (d) | S22: =S20/1000 -> 0.08
B23: Biotransformation half-life (10 g fish) | C23: d | D23: =IF(ISNUMBER($D$64),INDEX('Chemical Data'!$K$5:$K$500,$D$64),"–") -> 0.325 | E23: 6.13 | F23: =IF($D$12="Manual Input",E23,D23) -> 0.325 | G23: =IF($D$12="Manual Input","Manual","EPI Suite") -> EPI Suite | H23: Only used when biotransformation is On | J23: Process | K23: Symbol (unit) | L23: TL 1 | M23: TL 2 | N23: TL 3 | O23: TL 4 | R23: 1/Σk_out (d) | S23: =IF(S13,1/S16,0) -> 4.3945108 | T23: =IF(T13,1/T16,0) -> 0.99698246 | U23: =IF(U13,1/U16,0) -> 11.906383 | V23: =IF(V13,1/V16,0) -> 0.40671872
B24: Abraham solute descriptors (neutral species) | H24: =IF($D$74,"Measured: UFZ-LSERD; QSBR: from SMILES","Not available: K_iW II = I, no urinary excretion") -> Measured: UFZ-LSERD; QSBR: from SMILES | J24: Uptake from water | K24: k0,in-aq (L/kg/d) | L24: =IF(D$85,IFERROR(IF(D$47="Aquatic",D$50^-0.25/($L$106+D103/$D$66+1/D106),0),"n/a"),"–") -> 0.15104867 | M24: =IF(E$85,IFERROR(IF(E$47="Aquatic",E$50^-0.25/($L$106+E103/$D$66+1/E106),0),"n/a"),"–") -> 1.8166013 | N24: =IF(F$85,IFERROR(IF(F$47="Aquatic",F$50^-0.25/($L$106+F103/$D$66+1/F106),0),"n/a"),"–") -> 0.18166013 | O24: =IF(G$85,IFERROR(IF(G$47="Aquatic",G$50^-0.25/($L$106+G103/$D$66+1/G106),0),"n/a"),"–") -> 0 | R24: t (d) | S24: ="TL 1: "&L13 -> TL 1: Algae | T24: ="TL 2: "&M13 -> TL 2: Crustaceans | U24: ="TL 3: "&N13 -> TL 3: Fish | V24: ="TL 4: "&O13 -> TL 4: Birds
B25: E – excess molar refraction | C25: – | D25: =IF(ISNUMBER($D$64),IF(ISNUMBER(INDEX('Chemical Data'!$L$5:$L$500,$D$64)),INDEX('Chemical Data'!$L$5:$L$500,$D$64),IF(AND($D$55="Yes",ISNUMBER(INDEX('Chemical Data'!$R$5:$R$500,$D$64))),INDEX('Chemical Data'!$R$5:$R$500,$D$64),"-")),"–") -> 1.162 | E25: 1.9657143 | F25: =IF($D$12="Manual Input",IF(ISNUMBER(E25),E25,"-"),D25) -> 1.162 | G25: =IF($D$12="Manual Input",IF(ISNUMBER(E25),"Manual","Not given"),IF(NOT(ISNUMBER($D$64)),"–",IF(ISNUMBER(INDEX('Chemical Data'!$L$5:$L$500,$D$64)),"Measured",IF(AND($D$55="Yes",ISNUMBER(INDEX('Chemical Data'!$R$5:$R$500,$D$64))),"QSBR","Not available")))) -> Measured | H25: Used by the pp-LFERs, K_BA and the kidney block | J25: Uptake from air | K25: k0,in-air (L/kg/d) | L25: =IF(D$85,IFERROR(IF(D$47="Terrestrial",IF(ISNUMBER(D116),D$50^-0.25/(D113+$L$112/$D$75+1/D116),"n/a"),0),"n/a"),"–") -> 0 | M25: =IF(E$85,IFERROR(IF(E$47="Terrestrial",IF(ISNUMBER(E116),E$50^-0.25/(E113+$L$112/$D$75+1/E116),"n/a"),0),"n/a"),"–") -> 0 | N25: =IF(F$85,IFERROR(IF(F$47="Terrestrial",IF(ISNUMBER(F116),F$50^-0.25/(F113+$L$112/$D$75+1/F116),"n/a"),0),"n/a"),"–") -> 0 | O25: =IF(G$85,IFERROR(IF(G$47="Terrestrial",IF(ISNUMBER(G116),G$50^-0.25/(G113+$L$112/$D$75+1/G116),"n/a"),0),"n/a"),"–") -> 0.0017178527 | R25: 0 | S25: =IF(S$13,0,NA()) -> 0 | T25: =IF(T$13,0,NA()) -> 0 | U25: =IF(U$13,0,NA()) -> 0 | V25: =IF(V$13,0,NA()) -> 0
B26: S – dipolarity / polarisability | C26: – | D26: =IF(ISNUMBER($D$64),IF(ISNUMBER(INDEX('Chemical Data'!$M$5:$M$500,$D$64)),INDEX('Chemical Data'!$M$5:$M$500,$D$64),IF(AND($D$55="Yes",ISNUMBER(INDEX('Chemical Data'!$S$5:$S$500,$D$64))),INDEX('Chemical Data'!$S$5:$S$500,$D$64),"-")),"–") -> 1.3 | E26: 1.6742857 | F26: =IF($D$12="Manual Input",IF(ISNUMBER(E26),E26,"-"),D26) -> 1.3 | G26: =IF($D$12="Manual Input",IF(ISNUMBER(E26),"Manual","Not given"),IF(NOT(ISNUMBER($D$64)),"–",IF(ISNUMBER(INDEX('Chemical Data'!$M$5:$M$500,$D$64)),"Measured",IF(AND($D$55="Yes",ISNUMBER(INDEX('Chemical Data'!$S$5:$S$500,$D$64))),"QSBR","Not available")))) -> Measured | J26: Uptake from pore water | K26: k0,in-pw (L/kg/d) | L26: =IF(D$85,IFERROR(IF(D$47="Subterranean",D$50^-0.25/($L$106+D103/$D$68),0),"n/a"),"–") -> 0 | M26: =IF(E$85,IFERROR(IF(E$47="Subterranean",E$50^-0.25/($L$106+E103/$D$68),0),"n/a"),"–") -> 0 | N26: =IF(F$85,IFERROR(IF(F$47="Subterranean",F$50^-0.25/($L$106+F103/$D$68),0),"n/a"),"–") -> 0 | O26: =IF(G$85,IFERROR(IF(G$47="Subterranean",G$50^-0.25/($L$106+G103/$D$68),0),"n/a"),"–") -> 0 | R26: =R25+$S$22 -> 0.08 | S26: =IF(S$13,S25*S$18+(S$14+S$15*IF(S$17,$D$71,0))*S$19,NA()) -> 0.0011974567 | T26: =IF(T$13,T25*T$18+(T$14+T$15*IF(T$17,$D$71,(S25+S26)/2))*T$19,NA()) -> 0.013965163 | U26: =IF(U$13,U25*U$18+(U$14+U$15*IF(U$17,$D$71,(T25+T26)/2))*U$19,NA()) -> 0.0014497939 | V26: =IF(V$13,V25*V$18+(V$14+V$15*IF(V$17,$D$71,(U25+U26)/2))*V$19,NA()) -> 1.5166158e-06
B27: A – H-bond acidity | C27: – | D27: =IF(ISNUMBER($D$64),IF(ISNUMBER(INDEX('Chemical Data'!$N$5:$N$500,$D$64)),INDEX('Chemical Data'!$N$5:$N$500,$D$64),IF(AND($D$55="Yes",ISNUMBER(INDEX('Chemical Data'!$T$5:$T$500,$D$64))),INDEX('Chemical Data'!$T$5:$T$500,$D$64),"-")),"–") -> 0.156 | E27: 0.60571429 | F27: =IF($D$12="Manual Input",IF(ISNUMBER(E27),E27,"-"),D27) -> 0.156 | G27: =IF($D$12="Manual Input",IF(ISNUMBER(E27),"Manual","Not given"),IF(NOT(ISNUMBER($D$64)),"–",IF(ISNUMBER(INDEX('Chemical Data'!$N$5:$N$500,$D$64)),"Measured",IF(AND($D$55="Yes",ISNUMBER(INDEX('Chemical Data'!$T$5:$T$500,$D$64))),"QSBR","Not available")))) -> Measured | J27: Assimilation from food | K27: k1,in (d⁻¹) | L27: =IF(D$85,IFERROR(IFERROR(IF(D$48="Detritus",(D88/(1-D88))*(1/$D$70)*D107,0),0),"n/a"),"–") -> 0 | M27: =IF(E$85,IFERROR(IFERROR(IF(E$48="Detritus",(E88/(1-E88))*(1/$D$70)*E107,(E88/(1-E88))*(1/D102)*E107),0),"n/a"),"–") -> 0.0029568944 | N27: =IF(F$85,IFERROR(IFERROR(IF(F$48="Detritus",(F88/(1-F88))*(1/$D$70)*F107,(F88/(1-F88))*(1/E102)*F107),0),"n/a"),"–") -> 0.0024864711 | O27: =IF(G$85,IFERROR(IFERROR(IF(G$48="Detritus",(G88/(1-G88))*(1/$D$70)*G107,(G88/(1-G88))*(1/F102)*G107),0),"n/a"),"–") -> 0.028808553 | R27: =R26+$S$22 -> 0.16 | S27: =IF(S$13,S26*S$18+(S$14+S$15*IF(S$17,$D$71,0))*S$19,NA()) -> 0.0023733115 | T27: =IF(T$13,T26*T$18+(T$14+T$15*IF(T$17,$D$71,(S26+S27)/2))*T$19,NA()) -> 0.026853781 | U27: =IF(U$13,U26*U$18+(U$14+U$15*IF(U$17,$D$71,(T26+T27)/2))*U$19,NA()) -> 0.0028925411 | V27: =IF(V$13,V26*V$18+(V$14+V$15*IF(V$17,$D$71,(U26+U27)/2))*V$19,NA()) -> 5.7882851e-06
B28: B – H-bond basicity | C28: – | D28: =IF(ISNUMBER($D$64),IF(ISNUMBER(INDEX('Chemical Data'!$O$5:$O$500,$D$64)),INDEX('Chemical Data'!$O$5:$O$500,$D$64),IF(AND($D$55="Yes",ISNUMBER(INDEX('Chemical Data'!$U$5:$U$500,$D$64))),INDEX('Chemical Data'!$U$5:$U$500,$D$64),"-")),"–") -> 1.696 | E28: 0.83857143 | F28: =IF($D$12="Manual Input",IF(ISNUMBER(E28),E28,"-"),D28) -> 1.696 | G28: =IF($D$12="Manual Input",IF(ISNUMBER(E28),"Manual","Not given"),IF(NOT(ISNUMBER($D$64)),"–",IF(ISNUMBER(INDEX('Chemical Data'!$O$5:$O$500,$D$64)),"Measured",IF(AND($D$55="Yes",ISNUMBER(INDEX('Chemical Data'!$U$5:$U$500,$D$64))),"QSBR","Not available")))) -> Measured | J28: Excretion to water | K28: k0,out-aq (d⁻¹) | L28: =IF(D$85,IFERROR(IF(D$47="Aquatic",(1/D102)*L24,0),"n/a"),"–") -> 0.12085985 | M28: =IF(E$85,IFERROR(IF(E$47="Aquatic",(1/E102)*M24,0),"n/a"),"–") -> 0.98105938 | N28: =IF(F$85,IFERROR(IF(F$47="Aquatic",(1/F102)*N24,0),"n/a"),"–") -> 0.081574323 | O28: =IF(G$85,IFERROR(IF(G$47="Aquatic",(1/G102)*O24,0),"n/a"),"–") -> 0 | R28: =R27+$S$22 -> 0.24 | S28: =IF(S$13,S27*S$18+(S$14+S$15*IF(S$17,$D$71,0))*S$19,NA()) -> 0.003527954 | T28: =IF(T$13,T27*T$18+(T$14+T$15*IF(T$17,$D$71,(S27+S28)/2))*T$19,NA()) -> 0.03874886 | U28: =IF(U$13,U27*U$18+(U$14+U$15*IF(U$17,$D$71,(T27+T28)/2))*U$19,NA()) -> 0.0043280836 | V28: =IF(V$13,V27*V$18+(V$14+V$15*IF(V$17,$D$71,(U27+U28)/2))*V$19,NA()) -> 1.2308158e-05
B29: V – McGowan volume | C29: – | D29: =IF(ISNUMBER($D$64),IF(ISNUMBER(INDEX('Chemical Data'!$P$5:$P$500,$D$64)),INDEX('Chemical Data'!$P$5:$P$500,$D$64),IF(AND($D$55="Yes",ISNUMBER(INDEX('Chemical Data'!$V$5:$V$500,$D$64))),INDEX('Chemical Data'!$V$5:$V$500,$D$64),"-")),"–") -> 2.2604 | E29: 2.025 | F29: =IF($D$12="Manual Input",IF(ISNUMBER(E29),E29,"-"),D29) -> 2.2604 | G29: =IF($D$12="Manual Input",IF(ISNUMBER(E29),"Manual","Not given"),IF(NOT(ISNUMBER($D$64)),"–",IF(ISNUMBER(INDEX('Chemical Data'!$P$5:$P$500,$D$64)),"Measured",IF(AND($D$55="Yes",ISNUMBER(INDEX('Chemical Data'!$V$5:$V$500,$D$64))),"QSBR","Not available")))) -> Measured | J29: Exhalation to air | K29: k0,out-air (d⁻¹) | L29: =IF(D$85,IFERROR(IF(D$47="Terrestrial",IFERROR((1/$D$75)*L25,"n/a"),0),"n/a"),"–") -> 0 | M29: =IF(E$85,IFERROR(IF(E$47="Terrestrial",IFERROR((1/$D$75)*M25,"n/a"),0),"n/a"),"–") -> 0 | N29: =IF(F$85,IFERROR(IF(F$47="Terrestrial",IFERROR((1/$D$75)*N25,"n/a"),0),"n/a"),"–") -> 0 | O29: =IF(G$85,IFERROR(IF(G$47="Terrestrial",IFERROR((1/$D$75)*O25,"n/a"),0),"n/a"),"–") -> 5.1442955e-13 | R29: =R28+$S$22 -> 0.32 | S29: =IF(S$13,S28*S$18+(S$14+S$15*IF(S$17,$D$71,0))*S$19,NA()) -> 0.0046617671 | T29: =IF(T$13,T28*T$18+(T$14+T$15*IF(T$17,$D$71,(S28+S29)/2))*T$19,NA()) -> 0.049727004 | U29: =IF(U$13,U28*U$18+(U$14+U$15*IF(U$17,$D$71,(T28+T29)/2))*U$19,NA()) -> 0.0057562801 | V29: =IF(V$13,V28*V$18+(V$14+V$15*IF(V$17,$D$71,(U28+U29)/2))*V$19,NA()) -> 2.0659574e-05
B30: L – log hexadecane–air partition coefficient | C30: – | D30: =IF(ISNUMBER($D$64),IF(ISNUMBER(INDEX('Chemical Data'!$Q$5:$Q$500,$D$64)),INDEX('Chemical Data'!$Q$5:$Q$500,$D$64),IF(AND($D$55="Yes",ISNUMBER(INDEX('Chemical Data'!$W$5:$W$500,$D$64))),INDEX('Chemical Data'!$W$5:$W$500,$D$64),"-")),"–") -> 9.83 | E30: 11.025 | F30: =IF($D$12="Manual Input",IF(ISNUMBER(E30),E30,"-"),D30) -> 9.83 | G30: =IF($D$12="Manual Input",IF(ISNUMBER(E30),"Manual","Not given"),IF(NOT(ISNUMBER($D$64)),"–",IF(ISNUMBER(INDEX('Chemical Data'!$Q$5:$Q$500,$D$64)),"Measured",IF(AND($D$55="Yes",ISNUMBER(INDEX('Chemical Data'!$W$5:$W$500,$D$64))),"QSBR","Not available")))) -> Measured | H30: Manual input: leave blank if unknown | J30: Excretion to pore water | K30: k0,out-pw (d⁻¹) | L30: =IF(D$85,IFERROR(IF(D$47="Subterranean",L26/D102,0),"n/a"),"–") -> 0 | M30: =IF(E$85,IFERROR(IF(E$47="Subterranean",M26/E102,0),"n/a"),"–") -> 0 | N30: =IF(F$85,IFERROR(IF(F$47="Subterranean",N26/F102,0),"n/a"),"–") -> 0 | O30: =IF(G$85,IFERROR(IF(G$47="Subterranean",O26/G102,0),"n/a"),"–") -> 0 | R30: =R29+$S$22 -> 0.4 | S30: =IF(S$13,S29*S$18+(S$14+S$15*IF(S$17,$D$71,0))*S$19,NA()) -> 0.0057751263 | T30: =IF(T$13,T29*T$18+(T$14+T$15*IF(T$17,$D$71,(S29+S30)/2))*T$19,NA()) -> 0.059858909 | U30: =IF(U$13,U29*U$18+(U$14+U$15*IF(U$17,$D$71,(T29+T30)/2))*U$19,NA()) -> 0.0071770052 | V30: =IF(V$13,V29*V$18+(V$14+V$15*IF(V$17,$D$71,(U29+U30)/2))*V$19,NA()) -> 3.0499993e-05
B31: Input check | D31: =IF($D$12="Manual Input",IF(OR(E16="",E18="",E21=""),"Manual input: enter log Kow, log Koa and ionisation type",IF(AND(E21<>"Neutral",OR(E17="",E20="",E22="")),"Manual input: enter ionised log Kow, pKa and functional group",IF(AND($D$56="On",E23=""),"Manual input: enter a half-life (biotransformation is On)","OK"))),IF(ISNUMBER($D$64),"OK","Pick a pharmaceutical from the list")) -> OK | J31: Excretion with urine | K31: k1,out-urine (d⁻¹) | L31: =IF(D$85,IFERROR(IF(OR(D$47="Terrestrial",D$47="Subterranean"),IFERROR(D120*D125*(1-D130)/D126,0),0),"n/a"),"–") -> 0 | M31: =IF(E$85,IFERROR(IF(OR(E$47="Terrestrial",E$47="Subterranean"),IFERROR(E120*E125*(1-E130)/E126,0),0),"n/a"),"–") -> 0 | N31: =IF(F$85,IFERROR(IF(OR(F$47="Terrestrial",F$47="Subterranean"),IFERROR(F120*F125*(1-F130)/F126,0),0),"n/a"),"–") -> 0 | O31: =IF(G$85,IFERROR(IF(OR(G$47="Terrestrial",G$47="Subterranean"),IFERROR(G120*G125*(1-G130)/G126,0),0),"n/a"),"–") -> 2.4469979 | R31: =R30+$S$22 -> 0.48 | S31: =IF(S$13,S30*S$18+(S$14+S$15*IF(S$17,$D$71,0))*S$19,NA()) -> 0.0068684007 | T31: =IF(T$13,T30*T$18+(T$14+T$15*IF(T$17,$D$71,(S30+S31)/2))*T$19,NA()) -> 0.069209823 | U31: =IF(U$13,U30*U$18+(U$14+U$15*IF(U$17,$D$71,(T30+T31)/2))*U$19,NA()) -> 0.0085901476 | V31: =IF(V$13,V30*V$18+(V$14+V$15*IF(V$17,$D$71,(U30+U31)/2))*V$19,NA()) -> 4.154779e-05
J32: Egestion with faeces | K32: k1,out-fae (d⁻¹) | L32: =IF(D$85,IFERROR(IFERROR((1/D102)*D107,0),"n/a"),"–") -> 0 | M32: =IF(E$85,IFERROR(IFERROR((1/E102)*E107,0),"n/a"),"–") -> 0.0029936263 | N32: =IF(F$85,IFERROR(IFERROR((1/F102)*F107,0),"n/a"),"–") -> 0.00051687033 | O32: =IF(G$85,IFERROR(IFERROR((1/G102)*G107,0),"n/a"),"–") -> 0.0062821327 | R32: =R31+$S$22 -> 0.56 | S32: =IF(S$13,S31*S$18+(S$14+S$15*IF(S$17,$D$71,0))*S$19,NA()) -> 0.0079419526 | T32: =IF(T$13,T31*T$18+(T$14+T$15*IF(T$17,$D$71,(S31+S32)/2))*T$19,NA()) -> 0.077839961 | U32: =IF(U$13,U31*U$18+(U$14+U$15*IF(U$17,$D$71,(T31+T32)/2))*U$19,NA()) -> 0.0099956091 | V32: =IF(V$13,V31*V$18+(V$14+V$15*IF(V$17,$D$71,(U31+U32)/2))*V$19,NA()) -> 5.3571411e-05
B33: 2 ENVIRONMENT | J33: Growth dilution | K33: k2,out (d⁻¹) | L33: =IF(D$85,IFERROR(D86*$L$111*D$50^-0.25,"n/a"),"–") -> 0.10669676 | M33: =IF(E$85,IFERROR(E86*$L$111*E$50^-0.25,"n/a"),"–") -> 0.018973666 | N33: =IF(F$85,IFERROR(F86*$L$111*F$50^-0.25,"n/a"),"–") -> 0.0018973666 | O33: =IF(G$85,IFERROR(G86*$L$111*G$50^-0.25,"n/a"),"–") -> 0.005421612 | R33: =R32+$S$22 -> 0.64 | S33: =IF(S$13,S32*S$18+(S$14+S$15*IF(S$17,$D$71,0))*S$19,NA()) -> 0.0089961379 | T33: =IF(T$13,T32*T$18+(T$14+T$15*IF(T$17,$D$71,(S32+S33)/2))*T$19,NA()) -> 0.085804896 | U33: =IF(U$13,U32*U$18+(U$14+U$15*IF(U$17,$D$71,(T32+T33)/2))*U$19,NA()) -> 0.011393304 | V33: =IF(V$13,V32*V$18+(V$14+V$15*IF(V$17,$D$71,(U32+U33)/2))*V$19,NA()) -> 6.6380451e-05
B34: Parameter | C34: Unit | D34: Value | E34: Notes | J34: Biotransformation | K34: k3,out (d⁻¹) | L34: =IF(D$85,IFERROR(IF(AND($D$56="On",OR(D$46="Fish",D$46="Mammals",D$46="Birds")),LN(2)*(D$50/$L$117)^-0.25/$F$23,0),"n/a"),"–") -> 0 | M34: =IF(E$85,IFERROR(IF(AND($D$56="On",OR(E$46="Fish",E$46="Mammals",E$46="Birds")),LN(2)*(E$50/$L$117)^-0.25/$F$23,0),"n/a"),"–") -> 0 | N34: =IF(F$85,IFERROR(IF(AND($D$56="On",OR(F$46="Fish",F$46="Mammals",F$46="Birds")),LN(2)*(F$50/$L$117)^-0.25/$F$23,0),"n/a"),"–") -> 0 | O34: =IF(G$85,IFERROR(IF(AND($D$56="On",OR(G$46="Fish",G$46="Mammals",G$46="Birds")),LN(2)*(G$50/$L$117)^-0.25/$F$23,0),"n/a"),"–") -> 0 | R34: =R33+$S$22 -> 0.72 | S34: =IF(S$13,S33*S$18+(S$14+S$15*IF(S$17,$D$71,0))*S$19,NA()) -> 0.010031306 | T34: =IF(T$13,T33*T$18+(T$14+T$15*IF(T$17,$D$71,(S33+S34)/2))*T$19,NA()) -> 0.093155915 | U34: =IF(U$13,U33*U$18+(U$14+U$15*IF(U$17,$D$71,(T33+T34)/2))*U$19,NA()) -> 0.012783157 | V34: =IF(V$13,V33*V$18+(V$14+V$15*IF(V$17,$D$71,(U33+U34)/2))*V$19,NA()) -> 7.981834e-05
B35: Water concentration (dissolved) | C35: µg/L | D35: 0.1 | E35: Uptake by aquatic organisms; reference for BAF (water) | J35: Total elimination | K35: Σk_out (d⁻¹) | L35: =IF(D$85,IF(COUNT(L28:L34)=7,SUM(L28:L34),"n/a"),"–") -> 0.22755661 | M35: =IF(E$85,IF(COUNT(M28:M34)=7,SUM(M28:M34),"n/a"),"–") -> 1.0030267 | N35: =IF(F$85,IF(COUNT(N28:N34)=7,SUM(N28:N34),"n/a"),"–") -> 0.08398856 | O35: =IF(G$85,IF(COUNT(O28:O34)=7,SUM(O28:O34),"n/a"),"–") -> 2.4587017 | R35: =R34+$S$22 -> 0.8 | S35: =IF(S$13,S34*S$18+(S$14+S$15*IF(S$17,$D$71,0))*S$19,NA()) -> 0.011047799 | T35: =IF(T$13,T34*T$18+(T$14+T$15*IF(T$17,$D$71,(S34+S35)/2))*T$19,NA()) -> 0.09994035 | U35: =IF(U$13,U34*U$18+(U$14+U$15*IF(U$17,$D$71,(T34+T35)/2))*U$19,NA()) -> 0.014165104 | V35: =IF(V$13,V34*V$18+(V$14+V$15*IF(V$17,$D$71,(U34+U35)/2))*V$19,NA()) -> 9.3756316e-05
B36: Water temperature | C36: K | D36: 288 | E36: Default 288 K | R36: =R35+$S$22 -> 0.88 | S36: =IF(S$13,S35*S$18+(S$14+S$15*IF(S$17,$D$71,0))*S$19,NA()) -> 0.012045956 | T36: =IF(T$13,T35*T$18+(T$14+T$15*IF(T$17,$D$71,(S35+S36)/2))*T$19,NA()) -> 0.10620189 | U36: =IF(U$13,U35*U$18+(U$14+U$15*IF(U$17,$D$71,(T35+T36)/2))*U$19,NA()) -> 0.01553909 | V36: =IF(V$13,V35*V$18+(V$14+V$15*IF(V$17,$D$71,(U35+U36)/2))*V$19,NA()) -> 0.00010808849
B37: Water pH | C37: – | D37: 7 | E37: Default 7 | J37: ="TIME-COURSE – "&$F$15&" (approach to steady state)" -> TIME-COURSE – Metoprolol (approach to steady state) | R37: =R36+$S$22 -> 0.96 | S37: =IF(S$13,S36*S$18+(S$14+S$15*IF(S$17,$D$71,0))*S$19,NA()) -> 0.013026105 | T37: =IF(T$13,T36*T$18+(T$14+T$15*IF(T$17,$D$71,(S36+S37)/2))*T$19,NA()) -> 0.11198084 | U37: =IF(U$13,U36*U$18+(U$14+U$15*IF(U$17,$D$71,(T36+T37)/2))*U$19,NA()) -> 0.016905069 | V37: =IF(V$13,V36*V$18+(V$14+V$15*IF(V$17,$D$71,(U36+U37)/2))*V$19,NA()) -> 0.00012272776
B38: Soil concentration | C38: µg/kg ww | D38: 0 | E38: Detritus diet, pore-water and air uptake; reference for BAF (soil) | R38: =R37+$S$22 -> 1.04 | S38: =IF(S$13,S37*S$18+(S$14+S$15*IF(S$17,$D$71,0))*S$19,NA()) -> 0.013988573 | T38: =IF(T$13,T37*T$18+(T$14+T$15*IF(T$17,$D$71,(S37+S38)/2))*T$19,NA()) -> 0.11731441 | U38: =IF(U$13,U37*U$18+(U$14+U$15*IF(U$17,$D$71,(T37+T38)/2))*U$19,NA()) -> 0.018263002 | V38: =IF(V$13,V37*V$18+(V$14+V$15*IF(V$17,$D$71,(U37+U38)/2))*V$19,NA()) -> 0.0001376025
B39: Soil pH | C39: – | D39: 6.5 | E39: Pore-water speciation | R39: =R38+$S$22 -> 1.12 | S39: =IF(S$13,S38*S$18+(S$14+S$15*IF(S$17,$D$71,0))*S$19,NA()) -> 0.014933679 | T39: =IF(T$13,T38*T$18+(T$14+T$15*IF(T$17,$D$71,(S38+S39)/2))*T$19,NA()) -> 0.12223695 | U39: =IF(U$13,U38*U$18+(U$14+U$15*IF(U$17,$D$71,(T38+T39)/2))*U$19,NA()) -> 0.019612858 | V39: =IF(V$13,V38*V$18+(V$14+V$15*IF(V$17,$D$71,(U38+U39)/2))*V$19,NA()) -> 0.00015265381
B40: Soil organic carbon fraction | C40: – | D40: 0.0405 | E40: Soil partitioning (Armitage & Gobas, 2007) | R40: =R39+$S$22 -> 1.2 | S40: =IF(S$13,S39*S$18+(S$14+S$15*IF(S$17,$D$71,0))*S$19,NA()) -> 0.015861734 | T40: =IF(T$13,T39*T$18+(T$14+T$15*IF(T$17,$D$71,(S39+S40)/2))*T$19,NA()) -> 0.12678013 | U40: =IF(U$13,U39*U$18+(U$14+U$15*IF(U$17,$D$71,(T39+T40)/2))*U$19,NA()) -> 0.020954613 | V40: =IF(V$13,V39*V$18+(V$14+V$15*IF(V$17,$D$71,(U39+U40)/2))*V$19,NA()) -> 0.00016783322
B41: Soil bulk density | C41: kg/L | D41: 1.5 | R41: =R40+$S$22 -> 1.28 | S41: =IF(S$13,S40*S$18+(S$14+S$15*IF(S$17,$D$71,0))*S$19,NA()) -> 0.016773048 | T41: =IF(T$13,T40*T$18+(T$14+T$15*IF(T$17,$D$71,(S40+S41)/2))*T$19,NA()) -> 0.13097321 | U41: =IF(U$13,U40*U$18+(U$14+U$15*IF(U$17,$D$71,(T40+T41)/2))*U$19,NA()) -> 0.022288248 | V41: =IF(V$13,V40*V$18+(V$14+V$15*IF(V$17,$D$71,(U40+U41)/2))*V$19,NA()) -> 0.00018310091
B42: Soil moisture content | C42: – | D42: 0.23 | E42: Fraction | R42: =R41+$S$22 -> 1.36 | S42: =IF(S$13,S41*S$18+(S$14+S$15*IF(S$17,$D$71,0))*S$19,NA()) -> 0.017667922 | T42: =IF(T$13,T41*T$18+(T$14+T$15*IF(T$17,$D$71,(S41+S42)/2))*T$19,NA()) -> 0.13484318 | U42: =IF(U$13,U41*U$18+(U$14+U$15*IF(U$17,$D$71,(T41+T42)/2))*U$19,NA()) -> 0.023613752 | V42: =IF(V$13,V41*V$18+(V$14+V$15*IF(V$17,$D$71,(U41+U42)/2))*V$19,NA()) -> 0.0001984241
R43: =R42+$S$22 -> 1.44 | S43: =IF(S$13,S42*S$18+(S$14+S$15*IF(S$17,$D$71,0))*S$19,NA()) -> 0.018546652 | T43: =IF(T$13,T42*T$18+(T$14+T$15*IF(T$17,$D$71,(S42+S43)/2))*T$19,NA()) -> 0.13841495 | U43: =IF(U$13,U42*U$18+(U$14+U$15*IF(U$17,$D$71,(T42+T43)/2))*U$19,NA()) -> 0.024931118 | V43: =IF(V$13,V42*V$18+(V$14+V$15*IF(V$17,$D$71,(U42+U43)/2))*V$19,NA()) -> 0.00021377586
B44: 3 FOOD CHAIN | R44: =R43+$S$22 -> 1.52 | S44: =IF(S$13,S43*S$18+(S$14+S$15*IF(S$17,$D$71,0))*S$19,NA()) -> 0.019409531 | T44: =IF(T$13,T43*T$18+(T$14+T$15*IF(T$17,$D$71,(S43+S44)/2))*T$19,NA()) -> 0.14171151 | U44: =IF(U$13,U43*U$18+(U$14+U$15*IF(U$17,$D$71,(T43+T44)/2))*U$19,NA()) -> 0.026240342 | V44: =IF(V$13,V43*V$18+(V$14+V$15*IF(V$17,$D$71,(U43+U44)/2))*V$19,NA()) -> 0.00022913407
B45: Parameter | C45: Unit | D45: TL 1 | E45: TL 2 | F45: TL 3 | G45: TL 4 | H45: Options | R45: =R44+$S$22 -> 1.6 | S45: =IF(S$13,S44*S$18+(S$14+S$15*IF(S$17,$D$71,0))*S$19,NA()) -> 0.020256843 | T45: =IF(T$13,T44*T$18+(T$14+T$15*IF(T$17,$D$71,(S44+S45)/2))*T$19,NA()) -> 0.14475408 | U45: =IF(U$13,U44*U$18+(U$14+U$15*IF(U$17,$D$71,(T44+T45)/2))*U$19,NA()) -> 0.027541428 | V45: =IF(V$13,V44*V$18+(V$14+V$15*IF(V$17,$D$71,(U44+U45)/2))*V$19,NA()) -> 0.00024448054
B46: Organism class | C46: – | D46: Algae | E46: Crustaceans | F46: Fish | G46: Birds | H46: None = level not modelled (classes: table in J64) | R46: =R45+$S$22 -> 1.68 | S46: =IF(S$13,S45*S$18+(S$14+S$15*IF(S$17,$D$71,0))*S$19,NA()) -> 0.02108887 | T46: =IF(T$13,T45*T$18+(T$14+T$15*IF(T$17,$D$71,(S45+S46)/2))*T$19,NA()) -> 0.14756223 | U46: =IF(U$13,U45*U$18+(U$14+U$15*IF(U$17,$D$71,(T45+T46)/2))*U$19,NA()) -> 0.028834381 | V46: =IF(V$13,V45*V$18+(V$14+V$15*IF(V$17,$D$71,(U45+U46)/2))*V$19,NA()) -> 0.00025980035
B47: Environment | C47: – | D47: Aquatic | E47: Aquatic | F47: Aquatic | G47: Terrestrial | H47: Aquatic, Terrestrial or Subterranean | R47: =R46+$S$22 -> 1.76 | S47: =IF(S$13,S46*S$18+(S$14+S$15*IF(S$17,$D$71,0))*S$19,NA()) -> 0.021905887 | T47: =IF(T$13,T46*T$18+(T$14+T$15*IF(T$17,$D$71,(S46+S47)/2))*T$19,NA()) -> 0.15015404 | U47: =IF(U$13,U46*U$18+(U$14+U$15*IF(U$17,$D$71,(T46+T47)/2))*U$19,NA()) -> 0.03011921 | V47: =IF(V$13,V46*V$18+(V$14+V$15*IF(V$17,$D$71,(U46+U47)/2))*V$19,NA()) -> 0.00027508125
B48: Diet | C48: – | D48: Photosynthesis | E48: Herbivore | F48: Carnivore | G48: Carnivore | H48: Detritus = feeds on soil (uses the soil concentration) | R48: =R47+$S$22 -> 1.84 | S48: =IF(S$13,S47*S$18+(S$14+S$15*IF(S$17,$D$71,0))*S$19,NA()) -> 0.022708165 | T48: =IF(T$13,T47*T$18+(T$14+T$15*IF(T$17,$D$71,(S47+S48)/2))*T$19,NA()) -> 0.15254619 | U48: =IF(U$13,U47*U$18+(U$14+U$15*IF(U$17,$D$71,(T47+T48)/2))*U$19,NA()) -> 0.03139593 | V48: =IF(V$13,V47*V$18+(V$14+V$15*IF(V$17,$D$71,(U47+U48)/2))*V$19,NA()) -> 0.00029031321
B49: Blood type | C49: – | D49: Cold Blooded | E49: Cold Blooded | F49: Cold Blooded | G49: Warm Blooded | H49: Warm blooded: q_T = 10 | R49: =R48+$S$22 -> 1.92 | S49: =IF(S$13,S48*S$18+(S$14+S$15*IF(S$17,$D$71,0))*S$19,NA()) -> 0.02349597 | T49: =IF(T$13,T48*T$18+(T$14+T$15*IF(T$17,$D$71,(S48+S49)/2))*T$19,NA()) -> 0.15475407 | U49: =IF(U$13,U48*U$18+(U$14+U$15*IF(U$17,$D$71,(T48+T49)/2))*U$19,NA()) -> 0.032664556 | V49: =IF(V$13,V48*V$18+(V$14+V$15*IF(V$17,$D$71,(U48+U49)/2))*V$19,NA()) -> 0.00030548801
B50: Body mass | C50: kg | D50: 1e-09 | E50: 1e-06 | F50: 0.01 | G50: 1.5 | H50: Wet weight | R50: =R49+$S$22 -> 2 | S50: =IF(S$13,S49*S$18+(S$14+S$15*IF(S$17,$D$71,0))*S$19,NA()) -> 0.024269564 | T50: =IF(T$13,T49*T$18+(T$14+T$15*IF(T$17,$D$71,(S49+S50)/2))*T$19,NA()) -> 0.15679188 | U50: =IF(U$13,U49*U$18+(U$14+U$15*IF(U$17,$D$71,(T49+T50)/2))*U$19,NA()) -> 0.033925108 | V50: =IF(V$13,V49*V$18+(V$14+V$15*IF(V$17,$D$71,(U49+U50)/2))*V$19,NA()) -> 0.00032059896
B51: Internal pH | C51: – | D51: 7.4 | E51: 7.4 | F51: 7.4 | G51: 7.4 | H51: Default 7.4 | R51: =R50+$S$22 -> 2.08 | S51: =IF(S$13,S50*S$18+(S$14+S$15*IF(S$17,$D$71,0))*S$19,NA()) -> 0.025029202 | T51: =IF(T$13,T50*T$18+(T$14+T$15*IF(T$17,$D$71,(S50+S51)/2))*T$19,NA()) -> 0.15867273 | U51: =IF(U$13,U50*U$18+(U$14+U$15*IF(U$17,$D$71,(T50+T51)/2))*U$19,NA()) -> 0.035177606 | V51: =IF(V$13,V50*V$18+(V$14+V$15*IF(V$17,$D$71,(U50+U51)/2))*V$19,NA()) -> 0.00033564057
R52: =R51+$S$22 -> 2.16 | S52: =IF(S$13,S51*S$18+(S$14+S$15*IF(S$17,$D$71,0))*S$19,NA()) -> 0.025775136 | T52: =IF(T$13,T51*T$18+(T$14+T$15*IF(T$17,$D$71,(S51+S52)/2))*T$19,NA()) -> 0.16040873 | U52: =IF(U$13,U51*U$18+(U$14+U$15*IF(U$17,$D$71,(T51+T52)/2))*U$19,NA()) -> 0.036422076 | V52: =IF(V$13,V51*V$18+(V$14+V$15*IF(V$17,$D$71,(U51+U52)/2))*V$19,NA()) -> 0.00035060841
B53: 4 MODEL OPTIONS | R53: =R52+$S$22 -> 2.24 | S53: =IF(S$13,S52*S$18+(S$14+S$15*IF(S$17,$D$71,0))*S$19,NA()) -> 0.026507614 | T53: =IF(T$13,T52*T$18+(T$14+T$15*IF(T$17,$D$71,(S52+S53)/2))*T$19,NA()) -> 0.16201104 | U53: =IF(U$13,U52*U$18+(U$14+U$15*IF(U$17,$D$71,(T52+T53)/2))*U$19,NA()) -> 0.037658543 | V53: =IF(V$13,V52*V$18+(V$14+V$15*IF(V$17,$D$71,(U52+U53)/2))*V$19,NA()) -> 0.00036549889
B54: Organism–water partitioning (K_iW) | C54: – | D54: I | E54: I = D_OW-based (Eq. 2, base model); II = pp-LFER sub-model (Eq. 6) | R54: =R53+$S$22 -> 2.32 | S54: =IF(S$13,S53*S$18+(S$14+S$15*IF(S$17,$D$71,0))*S$19,NA()) -> 0.027226877 | T54: =IF(T$13,T53*T$18+(T$14+T$15*IF(T$17,$D$71,(S53+S54)/2))*T$19,NA()) -> 0.16348997 | U54: =IF(U$13,U53*U$18+(U$14+U$15*IF(U$17,$D$71,(T53+T54)/2))*U$19,NA()) -> 0.038887035 | V54: =IF(V$13,V53*V$18+(V$14+V$15*IF(V$17,$D$71,(U53+U54)/2))*V$19,NA()) -> 0.00038030909
B55: Use QSBR descriptors if no measured values | C55: – | D55: Yes | E55: Yes = base model setting | R55: =R54+$S$22 -> 2.4 | S55: =IF(S$13,S54*S$18+(S$14+S$15*IF(S$17,$D$71,0))*S$19,NA()) -> 0.027933166 | T55: =IF(T$13,T54*T$18+(T$14+T$15*IF(T$17,$D$71,(S54+S55)/2))*T$19,NA()) -> 0.16485502 | U55: =IF(U$13,U54*U$18+(U$14+U$15*IF(U$17,$D$71,(T54+T55)/2))*U$19,NA()) -> 0.040107583 | V55: =IF(V$13,V54*V$18+(V$14+V$15*IF(V$17,$D$71,(U54+U55)/2))*V$19,NA()) -> 0.0003950367
B56: Biotransformation (k3,out) | C56: – | D56: Off | E56: Off = base model; On = EPI Suite fish half-life, scaled as ln2·(m/0.01)^-0.25/HL (fish, birds, mammals) | R56: =R55+$S$22 -> 2.48 | S56: =IF(S$13,S55*S$18+(S$14+S$15*IF(S$17,$D$71,0))*S$19,NA()) -> 0.028626713 | T56: =IF(T$13,T55*T$18+(T$14+T$15*IF(T$17,$D$71,(S55+S56)/2))*T$19,NA()) -> 0.16611497 | U56: =IF(U$13,U55*U$18+(U$14+U$15*IF(U$17,$D$71,(T55+T56)/2))*U$19,NA()) -> 0.041320217 | V56: =IF(V$13,V55*V$18+(V$14+V$15*IF(V$17,$D$71,(U55+U56)/2))*V$19,NA()) -> 0.00040967988
B57: Time-course length (chart only) | C57: d | D57: Auto | E57: Auto, or a number of days | R57: =R56+$S$22 -> 2.56 | S57: =IF(S$13,S56*S$18+(S$14+S$15*IF(S$17,$D$71,0))*S$19,NA()) -> 0.029307749 | T57: =IF(T$13,T56*T$18+(T$14+T$15*IF(T$17,$D$71,(S56+S57)/2))*T$19,NA()) -> 0.16727793 | U57: =IF(U$13,U56*U$18+(U$14+U$15*IF(U$17,$D$71,(T56+T57)/2))*U$19,NA()) -> 0.042524971 | V57: =IF(V$13,V56*V$18+(V$14+V$15*IF(V$17,$D$71,(U56+U57)/2))*V$19,NA()) -> 0.00042423719
R58: =R57+$S$22 -> 2.64 | S58: =IF(S$13,S57*S$18+(S$14+S$15*IF(S$17,$D$71,0))*S$19,NA()) -> 0.029976499 | T58: =IF(T$13,T57*T$18+(T$14+T$15*IF(T$17,$D$71,(S57+S58)/2))*T$19,NA()) -> 0.16835137 | U58: =IF(U$13,U57*U$18+(U$14+U$15*IF(U$17,$D$71,(T57+T58)/2))*U$19,NA()) -> 0.043721879 | V58: =IF(V$13,V57*V$18+(V$14+V$15*IF(V$17,$D$71,(U57+U58)/2))*V$19,NA()) -> 0.0004387075
R59: =R58+$S$22 -> 2.72 | S59: =IF(S$13,S58*S$18+(S$14+S$15*IF(S$17,$D$71,0))*S$19,NA()) -> 0.030633185 | T59: =IF(T$13,T58*T$18+(T$14+T$15*IF(T$17,$D$71,(S58+S59)/2))*T$19,NA()) -> 0.1693422 | U59: =IF(U$13,U58*U$18+(U$14+U$15*IF(U$17,$D$71,(T58+T59)/2))*U$19,NA()) -> 0.044910976 | V59: =IF(V$13,V58*V$18+(V$14+V$15*IF(V$17,$D$71,(U58+U59)/2))*V$19,NA()) -> 0.00045308998
B60: CALCULATIONS – intermediate values (no input needed) | R60: =R59+$S$22 -> 2.8 | S60: =IF(S$13,S59*S$18+(S$14+S$15*IF(S$17,$D$71,0))*S$19,NA()) -> 0.031278024 | T60: =IF(T$13,T59*T$18+(T$14+T$15*IF(T$17,$D$71,(S59+S60)/2))*T$19,NA()) -> 0.17025677 | U60: =IF(U$13,U59*U$18+(U$14+U$15*IF(U$17,$D$71,(T59+T60)/2))*U$19,NA()) -> 0.0460923 | V60: =IF(V$13,V59*V$18+(V$14+V$15*IF(V$17,$D$71,(U59+U60)/2))*V$19,NA()) -> 0.00046738399
R61: =R60+$S$22 -> 2.88 | S61: =IF(S$13,S60*S$18+(S$14+S$15*IF(S$17,$D$71,0))*S$19,NA()) -> 0.031911231 | T61: =IF(T$13,T60*T$18+(T$14+T$15*IF(T$17,$D$71,(S60+S61)/2))*T$19,NA()) -> 0.17110096 | U61: =IF(U$13,U60*U$18+(U$14+U$15*IF(U$17,$D$71,(T60+T61)/2))*U$19,NA()) -> 0.047265887 | V61: =IF(V$13,V60*V$18+(V$14+V$15*IF(V$17,$D$71,(U60+U61)/2))*V$19,NA()) -> 0.00048158912
B62: 5 Speciation, soil partitioning and pp-LFERs | J62: REFERENCE TABLES (model parameters; editable) | R62: =R61+$S$22 -> 2.96 | S62: =IF(S$13,S61*S$18+(S$14+S$15*IF(S$17,$D$71,0))*S$19,NA()) -> 0.032533014 | T62: =IF(T$13,T61*T$18+(T$14+T$15*IF(T$17,$D$71,(S61+S62)/2))*T$19,NA()) -> 0.17188021 | U62: =IF(U$13,U61*U$18+(U$14+U$15*IF(U$17,$D$71,(T61+T62)/2))*U$19,NA()) -> 0.048431775 | V62: =IF(V$13,V61*V$18+(V$14+V$15*IF(V$17,$D$71,(U61+U62)/2))*V$19,NA()) -> 0.00049570509
B63: Parameter | C63: Symbol | D63: Value | E63: Equation / source | J63: Organism composition (Table 1) and production efficiency | R63: =R62+$S$22 -> 3.04 | S63: =IF(S$13,S62*S$18+(S$14+S$15*IF(S$17,$D$71,0))*S$19,NA()) -> 0.033143581 | T63: =IF(T$13,T62*T$18+(T$14+T$15*IF(T$17,$D$71,(S62+S63)/2))*T$19,NA()) -> 0.1725995 | U63: =IF(U$13,U62*U$18+(U$14+U$15*IF(U$17,$D$71,(T62+T63)/2))*U$19,NA()) -> 0.049590005 | V63: =IF(V$13,V62*V$18+(V$14+V$15*IF(V$17,$D$71,(U62+U63)/2))*V$19,NA()) -> 0.00050973175
B64: Database row of the selected pharmaceutical | C64: – | D64: =IFERROR(MATCH($D$13,'Chemical Data'!$A$5:$A$500,0),"–") -> 32 | E64: Row within 'Chemical Data' (MATCH) | J64: Class | K64: f_nl | L64: f_pl | M64: f_pro | N64: f_w | O64: p_p (cold) | P64: p_p (warm) | R64: =R63+$S$22 -> 3.12 | S64: =IF(S$13,S63*S$18+(S$14+S$15*IF(S$17,$D$71,0))*S$19,NA()) -> 0.033743133 | T64: =IF(T$13,T63*T$18+(T$14+T$15*IF(T$17,$D$71,(S63+S64)/2))*T$19,NA()) -> 0.17326348 | U64: =IF(U$13,U63*U$18+(U$14+U$15*IF(U$17,$D$71,(T63+T64)/2))*U$19,NA()) -> 0.050740616 | V64: =IF(V$13,V63*V$18+(V$14+V$15*IF(V$17,$D$71,(U63+U64)/2))*V$19,NA()) -> 0.00052366908
B65: Neutral fraction in water | C65: fn,w | D65: =IFERROR(1/(1+IF($F$21="Neutral",0,10^(IF($F$21="Acidic",1,-1)*($D$37-$F$20)))),"–") -> 0.0011735188 | E65: Henderson–Hasselbalch | J65: Algae | K65: 0 | L65: 0.01 | M65: 0.04 | N65: 0.9 | O65: 0.5 | P65: 0.5 | R65: =R64+$S$22 -> 3.2 | S65: =IF(S$13,S64*S$18+(S$14+S$15*IF(S$17,$D$71,0))*S$19,NA()) -> 0.034331869 | T65: =IF(T$13,T64*T$18+(T$14+T$15*IF(T$17,$D$71,(S64+S65)/2))*T$19,NA()) -> 0.17387639 | U65: =IF(U$13,U64*U$18+(U$14+U$15*IF(U$17,$D$71,(T64+T65)/2))*U$19,NA()) -> 0.051883649 | V65: =IF(V$13,V64*V$18+(V$14+V$15*IF(V$17,$D$71,(U64+U65)/2))*V$19,NA()) -> 0.00053751711
B66: D_OW at water pH | C66: D_OW,w | D66: =IFERROR($D$65*10^$F$16+(1-$D$65)*10^$F$17,"–") -> 3.9072961 | E66: fn,w·Kow + (1 − fn,w)·Kow,ion | J66: Plants | K66: 0 | L66: 0.01 | M66: 0.04 | N66: 0.8 | O66: 0.5 | P66: 0.5 | R66: =R65+$S$22 -> 3.28 | S66: =IF(S$13,S65*S$18+(S$14+S$15*IF(S$17,$D$71,0))*S$19,NA()) -> 0.034909985 | T66: =IF(T$13,T65*T$18+(T$14+T$15*IF(T$17,$D$71,(S65+S66)/2))*T$19,NA()) -> 0.17444217 | U66: =IF(U$13,U65*U$18+(U$14+U$15*IF(U$17,$D$71,(T65+T66)/2))*U$19,NA()) -> 0.053019143 | V66: =IF(V$13,V65*V$18+(V$14+V$15*IF(V$17,$D$71,(U65+U66)/2))*V$19,NA()) -> 0.00055127599
B67: Neutral fraction in soil pore water | C67: fn,pw | D67: =IFERROR(1/(1+IF($F$21="Neutral",0,10^(IF($F$21="Acidic",1,-1)*($D$39-$F$20)))),"–") -> 0.00037139724 | E67: Henderson–Hasselbalch (soil pH) | J67: Worms | K67: 0.01 | L67: 0.01 | M67: 0.1 | N67: 0.85 | O67: 0.25 | P67: 0.25 | R67: =R66+$S$22 -> 3.36 | S67: =IF(S$13,S66*S$18+(S$14+S$15*IF(S$17,$D$71,0))*S$19,NA()) -> 0.035477672 | T67: =IF(T$13,T66*T$18+(T$14+T$15*IF(T$17,$D$71,(S66+S67)/2))*T$19,NA()) -> 0.17496446 | U67: =IF(U$13,U66*U$18+(U$14+U$15*IF(U$17,$D$71,(T66+T67)/2))*U$19,NA()) -> 0.054147142 | V67: =IF(V$13,V66*V$18+(V$14+V$15*IF(V$17,$D$71,(U66+U67)/2))*V$19,NA()) -> 0.0005649459
B68: D_OW at soil pH | C68: D_OW,pw | D68: =IFERROR($D$67*10^$F$16+(1-$D$67)*10^$F$17,"–") -> 3.8774767 | J68: Molluscs | K68: 0 | L68: 0.01 | M68: 0.1 | N68: 0.85 | O68: 0.25 | P68: 0.25 | R68: =R67+$S$22 -> 3.44 | S68: =IF(S$13,S67*S$18+(S$14+S$15*IF(S$17,$D$71,0))*S$19,NA()) -> 0.036035117 | T68: =IF(T$13,T67*T$18+(T$14+T$15*IF(T$17,$D$71,(S67+S68)/2))*T$19,NA()) -> 0.17544661 | U68: =IF(U$13,U67*U$18+(U$14+U$15*IF(U$17,$D$71,(T67+T68)/2))*U$19,NA()) -> 0.055267687 | V68: =IF(V$13,V67*V$18+(V$14+V$15*IF(V$17,$D$71,(U67+U68)/2))*V$19,NA()) -> 0.0005785271
B69: Air–soil partition coefficient | C69: K_AS | D69: =IFERROR(1/($D$41*$D$40*2*10^$F$18),"–") -> 3.2766022e-08 | E69: 1/(ρs·f_OC·2·Koa) (Eq. S10; Armitage & Gobas, 2007) | J69: Arthropods | K69: 0.02 | L69: 0.01 | M69: 0.13 | N69: 0.8 | O69: 0.25 | P69: 0.25 | R69: =R68+$S$22 -> 3.52 | S69: =IF(S$13,S68*S$18+(S$14+S$15*IF(S$17,$D$71,0))*S$19,NA()) -> 0.036582507 | T69: =IF(T$13,T68*T$18+(T$14+T$15*IF(T$17,$D$71,(S68+S69)/2))*T$19,NA()) -> 0.1758917 | U69: =IF(U$13,U68*U$18+(U$14+U$15*IF(U$17,$D$71,(T68+T69)/2))*U$19,NA()) -> 0.056380819 | V69: =IF(V$13,V68*V$18+(V$14+V$15*IF(V$17,$D$71,(U68+U69)/2))*V$19,NA()) -> 0.00059201987
B70: Soil–water partition coefficient | C70: K_SW | D70: =IFERROR($D$41*$D$40*2*$D$68,"–") -> 0.47111342 | E70: ρs·f_OC·2·D_OW,pw (Eq. S11) | J70: Crustaceans | K70: 0.02 | L70: 0.01 | M70: 0.13 | N70: 0.8 | O70: 0.25 | P70: 0.25 | R70: =R69+$S$22 -> 3.6 | S70: =IF(S$13,S69*S$18+(S$14+S$15*IF(S$17,$D$71,0))*S$19,NA()) -> 0.037120021 | T70: =IF(T$13,T69*T$18+(T$14+T$15*IF(T$17,$D$71,(S69+S70)/2))*T$19,NA()) -> 0.1763026 | U70: =IF(U$13,U69*U$18+(U$14+U$15*IF(U$17,$D$71,(T69+T70)/2))*U$19,NA()) -> 0.057486583 | V70: =IF(V$13,V69*V$18+(V$14+V$15*IF(V$17,$D$71,(U69+U70)/2))*V$19,NA()) -> 0.00060542454
B71: Soil concentration (volumetric) | C71: C_S (µg/L) | D71: =IFERROR($D$38*$D$41,"–") -> 0 | E71: Soil concentration × bulk density | J71: Insects | K71: 0.02 | L71: 0.01 | M71: 0.13 | N71: 0.8 | O71: 0.25 | P71: 0.25 | R71: =R70+$S$22 -> 3.68 | S71: =IF(S$13,S70*S$18+(S$14+S$15*IF(S$17,$D$71,0))*S$19,NA()) -> 0.037647839 | T71: =IF(T$13,T70*T$18+(T$14+T$15*IF(T$17,$D$71,(S70+S71)/2))*T$19,NA()) -> 0.17668193 | U71: =IF(U$13,U70*U$18+(U$14+U$15*IF(U$17,$D$71,(T70+T71)/2))*U$19,NA()) -> 0.05858502 | V71: =IF(V$13,V70*V$18+(V$14+V$15*IF(V$17,$D$71,(U70+U71)/2))*V$19,NA()) -> 0.00061874147
B72: Air concentration | C72: C_A (µg/L) | D72: =IFERROR($D$71*$D$69,"–") -> 0 | E72: C_S·K_AS | J72: Cnidaria | K72: 2e-05 | L72: 0.00028 | M72: 0.0024 | N72: 0.96 | O72: 0.35 | P72: 0.35 | R72: =R71+$S$22 -> 3.76 | S72: =IF(S$13,S71*S$18+(S$14+S$15*IF(S$17,$D$71,0))*S$19,NA()) -> 0.038166135 | T72: =IF(T$13,T71*T$18+(T$14+T$15*IF(T$17,$D$71,(S71+S72)/2))*T$19,NA()) -> 0.17703214 | U72: =IF(U$13,U71*U$18+(U$14+U$15*IF(U$17,$D$71,(T71+T72)/2))*U$19,NA()) -> 0.059676173 | V72: =IF(V$13,V71*V$18+(V$14+V$15*IF(V$17,$D$71,(U71+U72)/2))*V$19,NA()) -> 0.00063197104
B73: Pore-water concentration | C73: C_pw (µg/L) | D73: =IFERROR($D$71/($D$70+$D$42),"–") -> 0 | E73: C_S/(K_SW + moisture content) | J73: Fish | K73: 0.04 | L73: 0.01 | M73: 0.18 | N73: 0.75 | O73: 0.1 | P73: 0.02 | R73: =R72+$S$22 -> 3.84 | S73: =IF(S$13,S72*S$18+(S$14+S$15*IF(S$17,$D$71,0))*S$19,NA()) -> 0.038675082 | T73: =IF(T$13,T72*T$18+(T$14+T$15*IF(T$17,$D$71,(S72+S73)/2))*T$19,NA()) -> 0.17735545 | U73: =IF(U$13,U72*U$18+(U$14+U$15*IF(U$17,$D$71,(T72+T73)/2))*U$19,NA()) -> 0.060760086 | V73: =IF(V$13,V72*V$18+(V$14+V$15*IF(V$17,$D$71,(U72+U73)/2))*V$19,NA()) -> 0.00064511366
B74: Abraham descriptors available? | C74: – | D74: =AND(ISNUMBER($F$25),ISNUMBER($F$26),ISNUMBER($F$27),ISNUMBER($F$28),ISNUMBER($F$29),ISNUMBER($F$30)) -> TRUE | E74: All six descriptors numeric | J74: Amphibians | K74: 0.04 | L74: 0.01 | M74: 0.18 | N74: 0.75 | O74: 0.1 | P74: 0.1 | R74: =R73+$S$22 -> 3.92 | S74: =IF(S$13,S73*S$18+(S$14+S$15*IF(S$17,$D$71,0))*S$19,NA()) -> 0.039174846 | T74: =IF(T$13,T73*T$18+(T$14+T$15*IF(T$17,$D$71,(S73+S74)/2))*T$19,NA()) -> 0.17765396 | U74: =IF(U$13,U73*U$18+(U$14+U$15*IF(U$17,$D$71,(T73+T74)/2))*U$19,NA()) -> 0.061836803 | V74: =IF(V$13,V73*V$18+(V$14+V$15*IF(V$17,$D$71,(U73+U74)/2))*V$19,NA()) -> 0.00065816975
B75: Blood–air partition coefficient | C75: K_BA | D75: =IFERROR(IF($D$74,IFERROR(10^(-1.069+0.456*$F$25+1.083*$F$26+3.738*$F$27+2.58*$F$28+0.376*$F$30),10^(-$F$19)),10^(-$F$19)),"–") -> 3.3393351e+09 | E75: Abraham et al. (2005) LFER; 1/Kaw if descriptors unavailable | J75: Birds | K75: 0.09 | L75: 0.01 | M75: 0.21 | N75: 0.67 | O75: 0.02 | P75: 0.02 | R75: =R74+$S$22 -> 4 | S75: =IF(S$13,S74*S$18+(S$14+S$15*IF(S$17,$D$71,0))*S$19,NA()) -> 0.039665596 | T75: =IF(T$13,T74*T$18+(T$14+T$15*IF(T$17,$D$71,(S74+S75)/2))*T$19,NA()) -> 0.17792955 | U75: =IF(U$13,U74*U$18+(U$14+U$15*IF(U$17,$D$71,(T74+T75)/2))*U$19,NA()) -> 0.062906366 | V75: =IF(V$13,V74*V$18+(V$14+V$15*IF(V$17,$D$71,(U74+U75)/2))*V$19,NA()) -> 0.00067113975
B76: log membrane–water (pp-LFER) | C76: log D_MW | D76: =IFERROR(0.44+0.99*$K$121-0.69*$K$122-0.19*$K$123-2.82*$K$124+2.83*$K$125-1.14*$K$126+2.95*$K$127,"–") -> 1.3104468 | E76: Eq. 3 (ionised-species descriptors) | J76: Mammals | K76: 0.09 | L76: 0.01 | M76: 0.21 | N76: 0.67 | O76: 0.02 | P76: 0.02 | R76: =R75+$S$22 -> 4.08 | S76: =IF(S$13,S75*S$18+(S$14+S$15*IF(S$17,$D$71,0))*S$19,NA()) -> 0.040147492 | T76: =IF(T$13,T75*T$18+(T$14+T$15*IF(T$17,$D$71,(S75+S76)/2))*T$19,NA()) -> 0.17818401 | U76: =IF(U$13,U75*U$18+(U$14+U$15*IF(U$17,$D$71,(T75+T76)/2))*U$19,NA()) -> 0.063968819 | V76: =IF(V$13,V75*V$18+(V$14+V$15*IF(V$17,$D$71,(U75+U76)/2))*V$19,NA()) -> 0.00068402411
B77: log BSA–water (pp-LFER) | C77: log D_BSAW | D77: =IFERROR(0.85+0.63*$K$121-0.63*$K$122-0.05*$K$123-2.08*$K$124+2.06*$K$125-1.16*$K$126+3.13*$K$127,"–") -> 0.16077296 | E77: Eq. 4 | J77: None | K77: – | L77: – | M77: – | N77: – | O77: – | P77: – | R77: =R76+$S$22 -> 4.16 | S77: =IF(S$13,S76*S$18+(S$14+S$15*IF(S$17,$D$71,0))*S$19,NA()) -> 0.040620695 | T77: =IF(T$13,T76*T$18+(T$14+T$15*IF(T$17,$D$71,(S76+S77)/2))*T$19,NA()) -> 0.17841896 | U77: =IF(U$13,U76*U$18+(U$14+U$15*IF(U$17,$D$71,(T76+T77)/2))*U$19,NA()) -> 0.065024206 | V77: =IF(V$13,V76*V$18+(V$14+V$15*IF(V$17,$D$71,(U76+U77)/2))*V$19,NA()) -> 0.00069682329
B78: log muscle protein–water (pp-LFER) | C78: log D_MPW | D78: =IFERROR(-0.24+0.68*$K$121-0.76*$K$122-0.2*$K$123-2.29*$K$124+2.51*$K$125-0.68*$K$126+2.89*$K$127,"–") -> 0.2566466 | E78: Eq. 5 | J78: f_nl, f_pl, f_pro, f_w: neutral lipid, polar lipid, protein and water fractions; p_p: production efficiency. | R78: =R77+$S$22 -> 4.24 | S78: =IF(S$13,S77*S$18+(S$14+S$15*IF(S$17,$D$71,0))*S$19,NA()) -> 0.041085361 | T78: =IF(T$13,T77*T$18+(T$14+T$15*IF(T$17,$D$71,(S77+S78)/2))*T$19,NA()) -> 0.17863589 | U78: =IF(U$13,U77*U$18+(U$14+U$15*IF(U$17,$D$71,(T77+T78)/2))*U$19,NA()) -> 0.06607257 | V78: =IF(V$13,V77*V$18+(V$14+V$15*IF(V$17,$D$71,(U77+U78)/2))*V$19,NA()) -> 0.00070953777
B79: Membrane–water (pp-LFER) | C79: D_MW | D79: =IFERROR(10^$D$76,"–") -> 20.438394 | J79: Hendriks et al. (2005, 2007); worms: Li et al. (2024b); Cnidaria: Hubot et al. (2022), Kariotoglou & Mastronicolis (2001). | R79: =R78+$S$22 -> 4.32 | S79: =IF(S$13,S78*S$18+(S$14+S$15*IF(S$17,$D$71,0))*S$19,NA()) -> 0.041541645 | T79: =IF(T$13,T78*T$18+(T$14+T$15*IF(T$17,$D$71,(S78+S79)/2))*T$19,NA()) -> 0.17883621 | U79: =IF(U$13,U78*U$18+(U$14+U$15*IF(U$17,$D$71,(T78+T79)/2))*U$19,NA()) -> 0.067113955 | V79: =IF(V$13,V78*V$18+(V$14+V$15*IF(V$17,$D$71,(U78+U79)/2))*V$19,NA()) -> 0.00072216802
B80: BSA–water (pp-LFER) | C80: D_BSAW | D80: =IFERROR(10^$D$77,"–") -> 1.4480147 | J80: Air exchange and kidney (terrestrial / subterranean organisms) | R80: =R79+$S$22 -> 4.4 | S80: =IF(S$13,S79*S$18+(S$14+S$15*IF(S$17,$D$71,0))*S$19,NA()) -> 0.041989698 | T80: =IF(T$13,T79*T$18+(T$14+T$15*IF(T$17,$D$71,(S79+S80)/2))*T$19,NA()) -> 0.17902118 | U80: =IF(U$13,U79*U$18+(U$14+U$15*IF(U$17,$D$71,(T79+T80)/2))*U$19,NA()) -> 0.068148405 | V80: =IF(V$13,V79*V$18+(V$14+V$15*IF(V$17,$D$71,(U79+U80)/2))*V$19,NA()) -> 0.00073471453
B81: Muscle protein–water (pp-LFER) | C81: D_MPW | D81: =IFERROR(10^$D$78,"–") -> 1.8057042 | J81: Class | K81: Ve coef. | L81: Q_pul coef. | M81: GFR coef. | N81: Urine pH | R81: =R80+$S$22 -> 4.48 | S81: =IF(S$13,S80*S$18+(S$14+S$15*IF(S$17,$D$71,0))*S$19,NA()) -> 0.042429667 | T81: =IF(T$13,T80*T$18+(T$14+T$15*IF(T$17,$D$71,(S80+S81)/2))*T$19,NA()) -> 0.17919199 | U81: =IF(U$13,U80*U$18+(U$14+U$15*IF(U$17,$D$71,(T80+T81)/2))*U$19,NA()) -> 0.069175963 | V81: =IF(V$13,V80*V$18+(V$14+V$15*IF(V$17,$D$71,(U80+U81)/2))*V$19,NA()) -> 0.00074717778
J82: Algae | K82: – | L82: – | M82: – | N82: – | R82: =R81+$S$22 -> 4.56 | S82: =IF(S$13,S81*S$18+(S$14+S$15*IF(S$17,$D$71,0))*S$19,NA()) -> 0.0428617 | T82: =IF(T$13,T81*T$18+(T$14+T$15*IF(T$17,$D$71,(S81+S82)/2))*T$19,NA()) -> 0.17934973 | U82: =IF(U$13,U81*U$18+(U$14+U$15*IF(U$17,$D$71,(T81+T82)/2))*U$19,NA()) -> 0.070196672 | V82: =IF(V$13,V81*V$18+(V$14+V$15*IF(V$17,$D$71,(U81+U82)/2))*V$19,NA()) -> 0.00075955827
B83: 6 Organism parameters and partitioning | J83: Plants | K83: – | L83: – | M83: – | N83: – | R83: =R82+$S$22 -> 4.64 | S83: =IF(S$13,S82*S$18+(S$14+S$15*IF(S$17,$D$71,0))*S$19,NA()) -> 0.043285939 | T83: =IF(T$13,T82*T$18+(T$14+T$15*IF(T$17,$D$71,(S82+S83)/2))*T$19,NA()) -> 0.1794954 | U83: =IF(U$13,U82*U$18+(U$14+U$15*IF(U$17,$D$71,(T82+T83)/2))*U$19,NA()) -> 0.071210576 | V83: =IF(V$13,V82*V$18+(V$14+V$15*IF(V$17,$D$71,(U82+U83)/2))*V$19,NA()) -> 0.00077185649
B84: Parameter | C84: Symbol | D84: TL 1 | E84: TL 2 | F84: TL 3 | G84: TL 4 | H84: Equation / source | J84: Worms | K84: – | L84: – | M84: 0.2 | N84: 7 | R84: =R83+$S$22 -> 4.72 | S84: =IF(S$13,S83*S$18+(S$14+S$15*IF(S$17,$D$71,0))*S$19,NA()) -> 0.043702525 | T84: =IF(T$13,T83*T$18+(T$14+T$15*IF(T$17,$D$71,(S83+S84)/2))*T$19,NA()) -> 0.17962993 | U84: =IF(U$13,U83*U$18+(U$14+U$15*IF(U$17,$D$71,(T83+T84)/2))*U$19,NA()) -> 0.072217718 | V84: =IF(V$13,V83*V$18+(V$14+V$15*IF(V$17,$D$71,(U83+U84)/2))*V$19,NA()) -> 0.00078407294
B85: Level modelled? | C85: – | D85: =D$46<>"None" -> TRUE | E85: =E$46<>"None" -> TRUE | F85: =F$46<>"None" -> TRUE | G85: =G$46<>"None" -> TRUE | H85: FALSE when class = None | J85: Molluscs | K85: – | L85: – | M85: – | N85: – | R85: =R84+$S$22 -> 4.8 | S85: =IF(S$13,S84*S$18+(S$14+S$15*IF(S$17,$D$71,0))*S$19,NA()) -> 0.044111596 | T85: =IF(T$13,T84*T$18+(T$14+T$15*IF(T$17,$D$71,(S84+S85)/2))*T$19,NA()) -> 0.17975419 | U85: =IF(U$13,U84*U$18+(U$14+U$15*IF(U$17,$D$71,(T84+T85)/2))*U$19,NA()) -> 0.073218141 | V85: =IF(V$13,V84*V$18+(V$14+V$15*IF(V$17,$D$71,(U84+U85)/2))*V$19,NA()) -> 0.00079620812
B86: Temperature correction factor | C86: q_T | D86: =IF(D$85,IFERROR(IF(D$49="Warm Blooded",10,1),"–"),"–") -> 1 | E86: =IF(E$85,IFERROR(IF(E$49="Warm Blooded",10,1),"–"),"–") -> 1 | F86: =IF(F$85,IFERROR(IF(F$49="Warm Blooded",10,1),"–"),"–") -> 1 | G86: =IF(G$85,IFERROR(IF(G$49="Warm Blooded",10,1),"–"),"–") -> 10 | H86: Cold 1, warm 10 (Hendriks et al., 2001) | J86: Arthropods | K86: – | L86: – | M86: – | N86: – | R86: =R85+$S$22 -> 4.88 | S86: =IF(S$13,S85*S$18+(S$14+S$15*IF(S$17,$D$71,0))*S$19,NA()) -> 0.044513287 | T86: =IF(T$13,T85*T$18+(T$14+T$15*IF(T$17,$D$71,(S85+S86)/2))*T$19,NA()) -> 0.17986896 | U86: =IF(U$13,U85*U$18+(U$14+U$15*IF(U$17,$D$71,(T85+T86)/2))*U$19,NA()) -> 0.074211889 | V86: =IF(V$13,V85*V$18+(V$14+V$15*IF(V$17,$D$71,(U85+U86)/2))*V$19,NA()) -> 0.00080826253
B87: Production efficiency | C87: p_p | D87: =IF(D$85,IFERROR(IF(D$49="Warm Blooded",INDEX($P$65:$P$77,MATCH(D$46,$J$65:$J$77,0)),INDEX($O$65:$O$77,MATCH(D$46,$J$65:$J$77,0))),"–"),"–") -> 0.5 | E87: =IF(E$85,IFERROR(IF(E$49="Warm Blooded",INDEX($P$65:$P$77,MATCH(E$46,$J$65:$J$77,0)),INDEX($O$65:$O$77,MATCH(E$46,$J$65:$J$77,0))),"–"),"–") -> 0.25 | F87: =IF(F$85,IFERROR(IF(F$49="Warm Blooded",INDEX($P$65:$P$77,MATCH(F$46,$J$65:$J$77,0)),INDEX($O$65:$O$77,MATCH(F$46,$J$65:$J$77,0))),"–"),"–") -> 0.1 | G87: =IF(G$85,IFERROR(IF(G$49="Warm Blooded",INDEX($P$65:$P$77,MATCH(G$46,$J$65:$J$77,0)),INDEX($O$65:$O$77,MATCH(G$46,$J$65:$J$77,0))),"–"),"–") -> 0.02 | H87: Class table (Hendriks, 2007) | J87: Crustaceans | K87: – | L87: – | M87: – | N87: – | R87: =R86+$S$22 -> 4.96 | S87: =IF(S$13,S86*S$18+(S$14+S$15*IF(S$17,$D$71,0))*S$19,NA()) -> 0.044907731 | T87: =IF(T$13,T86*T$18+(T$14+T$15*IF(T$17,$D$71,(S86+S87)/2))*T$19,NA()) -> 0.17997497 | U87: =IF(U$13,U86*U$18+(U$14+U$15*IF(U$17,$D$71,(T86+T87)/2))*U$19,NA()) -> 0.075199003 | V87: =IF(V$13,V86*V$18+(V$14+V$15*IF(V$17,$D$71,(U86+U87)/2))*V$19,NA()) -> 0.00082023666
B88: Fraction of ingested food assimilated | C88: p1 | D88: =IF(D$85,IFERROR(INDEX($K$99:$K$102,MATCH(D$48,$J$99:$J$102,0)),"–"),"–") -> 0 | E88: =IF(E$85,IFERROR(INDEX($K$99:$K$102,MATCH(E$48,$J$99:$J$102,0)),"–"),"–") -> 0.4 | F88: =IF(F$85,IFERROR(INDEX($K$99:$K$102,MATCH(F$48,$J$99:$J$102,0)),"–"),"–") -> 0.8 | G88: =IF(G$85,IFERROR(INDEX($K$99:$K$102,MATCH(G$48,$J$99:$J$102,0)),"–"),"–") -> 0.8 | H88: Diet table | J88: Insects | K88: 180 | L88: 100 | M88: – | N88: – | R88: =R87+$S$22 -> 5.04 | S88: =IF(S$13,S87*S$18+(S$14+S$15*IF(S$17,$D$71,0))*S$19,NA()) -> 0.04529506 | T88: =IF(T$13,T87*T$18+(T$14+T$15*IF(T$17,$D$71,(S87+S88)/2))*T$19,NA()) -> 0.18007289 | U88: =IF(U$13,U87*U$18+(U$14+U$15*IF(U$17,$D$71,(T87+T88)/2))*U$19,NA()) -> 0.076179528 | V88: =IF(V$13,V87*V$18+(V$14+V$15*IF(V$17,$D$71,(U87+U88)/2))*V$19,NA()) -> 0.00083213103
B89: Lipid fraction of food | C89: f_CH2 | D89: =IF(D$85,IFERROR(INDEX($L$99:$L$102,MATCH(D$48,$J$99:$J$102,0)),"–"),"–") -> 0 | E89: =IF(E$85,IFERROR(INDEX($L$99:$L$102,MATCH(E$48,$J$99:$J$102,0)),"–"),"–") -> 0.01 | F89: =IF(F$85,IFERROR(INDEX($L$99:$L$102,MATCH(F$48,$J$99:$J$102,0)),"–"),"–") -> 0.05 | G89: =IF(G$85,IFERROR(INDEX($L$99:$L$102,MATCH(G$48,$J$99:$J$102,0)),"–"),"–") -> 0.05 | H89: Diet table | J89: Cnidaria | K89: – | L89: – | M89: – | N89: – | R89: =R88+$S$22 -> 5.12 | S89: =IF(S$13,S88*S$18+(S$14+S$15*IF(S$17,$D$71,0))*S$19,NA()) -> 0.045675402 | T89: =IF(T$13,T88*T$18+(T$14+T$15*IF(T$17,$D$71,(S88+S89)/2))*T$19,NA()) -> 0.18016335 | U89: =IF(U$13,U88*U$18+(U$14+U$15*IF(U$17,$D$71,(T88+T89)/2))*U$19,NA()) -> 0.077153505 | V89: =IF(V$13,V88*V$18+(V$14+V$15*IF(V$17,$D$71,(U88+U89)/2))*V$19,NA()) -> 0.00084394613
B90: Food ingestion coefficient | C90: k_n | D90: =IF(D$85,IFERROR(IFERROR((D86*$L$110)/(D87*D88),0),"–"),"–") -> 0 | E90: =IF(E$85,IFERROR(IFERROR((E86*$L$110)/(E87*E88),0),"–"),"–") -> 0.0075 | F90: =IF(F$85,IFERROR(IFERROR((F86*$L$110)/(F87*F88),0),"–"),"–") -> 0.009375 | G90: =IF(G$85,IFERROR(IFERROR((G86*$L$110)/(G87*G88),0),"–"),"–") -> 0.46875 | H90: q_T·γp/(p_p·p1) | J90: Fish | K90: – | L90: – | M90: – | N90: – | R90: =R89+$S$22 -> 5.2 | S90: =IF(S$13,S89*S$18+(S$14+S$15*IF(S$17,$D$71,0))*S$19,NA()) -> 0.046048882 | T90: =IF(T$13,T89*T$18+(T$14+T$15*IF(T$17,$D$71,(S89+S90)/2))*T$19,NA()) -> 0.18024692 | U90: =IF(U$13,U89*U$18+(U$14+U$15*IF(U$17,$D$71,(T89+T90)/2))*U$19,NA()) -> 0.078120978 | V90: =IF(V$13,V89*V$18+(V$14+V$15*IF(V$17,$D$71,(U89+U90)/2))*V$19,NA()) -> 0.00085568245
B91: Neutral lipid fraction | C91: f_nl | D91: =IF(D$85,IFERROR(INDEX($K$65:$K$77,MATCH(D$46,$J$65:$J$77,0)),"–"),"–") -> 0 | E91: =IF(E$85,IFERROR(INDEX($K$65:$K$77,MATCH(E$46,$J$65:$J$77,0)),"–"),"–") -> 0.02 | F91: =IF(F$85,IFERROR(INDEX($K$65:$K$77,MATCH(F$46,$J$65:$J$77,0)),"–"),"–") -> 0.04 | G91: =IF(G$85,IFERROR(INDEX($K$65:$K$77,MATCH(G$46,$J$65:$J$77,0)),"–"),"–") -> 0.09 | H91: Table 1 | J91: Amphibians | K91: – | L91: – | M91: – | N91: – | R91: =R90+$S$22 -> 5.28 | S91: =IF(S$13,S90*S$18+(S$14+S$15*IF(S$17,$D$71,0))*S$19,NA()) -> 0.046415625 | T91: =IF(T$13,T90*T$18+(T$14+T$15*IF(T$17,$D$71,(S90+S91)/2))*T$19,NA()) -> 0.18032413 | U91: =IF(U$13,U90*U$18+(U$14+U$15*IF(U$17,$D$71,(T90+T91)/2))*U$19,NA()) -> 0.079081987 | V91: =IF(V$13,V90*V$18+(V$14+V$15*IF(V$17,$D$71,(U90+U91)/2))*V$19,NA()) -> 0.00086734051
B92: Polar lipid fraction | C92: f_pl | D92: =IF(D$85,IFERROR(INDEX($L$65:$L$77,MATCH(D$46,$J$65:$J$77,0)),"–"),"–") -> 0.01 | E92: =IF(E$85,IFERROR(INDEX($L$65:$L$77,MATCH(E$46,$J$65:$J$77,0)),"–"),"–") -> 0.01 | F92: =IF(F$85,IFERROR(INDEX($L$65:$L$77,MATCH(F$46,$J$65:$J$77,0)),"–"),"–") -> 0.01 | G92: =IF(G$85,IFERROR(INDEX($L$65:$L$77,MATCH(G$46,$J$65:$J$77,0)),"–"),"–") -> 0.01 | H92: Table 1 | J92: Birds | K92: 554.4 | L92: 290.7 | M92: 4.5 | N92: 7 | R92: =R91+$S$22 -> 5.36 | S92: =IF(S$13,S91*S$18+(S$14+S$15*IF(S$17,$D$71,0))*S$19,NA()) -> 0.046775752 | T92: =IF(T$13,T91*T$18+(T$14+T$15*IF(T$17,$D$71,(S91+S92)/2))*T$19,NA()) -> 0.18039547 | U92: =IF(U$13,U91*U$18+(U$14+U$15*IF(U$17,$D$71,(T91+T92)/2))*U$19,NA()) -> 0.080036576 | V92: =IF(V$13,V91*V$18+(V$14+V$15*IF(V$17,$D$71,(U91+U92)/2))*V$19,NA()) -> 0.0008789208
B93: Protein fraction | C93: f_pro | D93: =IF(D$85,IFERROR(INDEX($M$65:$M$77,MATCH(D$46,$J$65:$J$77,0)),"–"),"–") -> 0.04 | E93: =IF(E$85,IFERROR(INDEX($M$65:$M$77,MATCH(E$46,$J$65:$J$77,0)),"–"),"–") -> 0.13 | F93: =IF(F$85,IFERROR(INDEX($M$65:$M$77,MATCH(F$46,$J$65:$J$77,0)),"–"),"–") -> 0.18 | G93: =IF(G$85,IFERROR(INDEX($M$65:$M$77,MATCH(G$46,$J$65:$J$77,0)),"–"),"–") -> 0.21 | H93: Table 1 | J93: Mammals | K93: 745.92 | L93: 200 | M93: 2.82 | N93: 6.5 | R93: =R92+$S$22 -> 5.44 | S93: =IF(S$13,S92*S$18+(S$14+S$15*IF(S$17,$D$71,0))*S$19,NA()) -> 0.047129382 | T93: =IF(T$13,T92*T$18+(T$14+T$15*IF(T$17,$D$71,(S92+S93)/2))*T$19,NA()) -> 0.18046139 | U93: =IF(U$13,U92*U$18+(U$14+U$15*IF(U$17,$D$71,(T92+T93)/2))*U$19,NA()) -> 0.080984785 | V93: =IF(V$13,V92*V$18+(V$14+V$15*IF(V$17,$D$71,(U92+U93)/2))*V$19,NA()) -> 0.00089042381
B94: Water fraction | C94: f_w | D94: =IF(D$85,IFERROR(INDEX($N$65:$N$77,MATCH(D$46,$J$65:$J$77,0)),"–"),"–") -> 0.9 | E94: =IF(E$85,IFERROR(INDEX($N$65:$N$77,MATCH(E$46,$J$65:$J$77,0)),"–"),"–") -> 0.8 | F94: =IF(F$85,IFERROR(INDEX($N$65:$N$77,MATCH(F$46,$J$65:$J$77,0)),"–"),"–") -> 0.75 | G94: =IF(G$85,IFERROR(INDEX($N$65:$N$77,MATCH(G$46,$J$65:$J$77,0)),"–"),"–") -> 0.67 | H94: Table 1 | J94: None | K94: – | L94: – | M94: – | N94: – | R94: =R93+$S$22 -> 5.52 | S94: =IF(S$13,S93*S$18+(S$14+S$15*IF(S$17,$D$71,0))*S$19,NA()) -> 0.047476633 | T94: =IF(T$13,T93*T$18+(T$14+T$15*IF(T$17,$D$71,(S93+S94)/2))*T$19,NA()) -> 0.18052231 | U94: =IF(U$13,U93*U$18+(U$14+U$15*IF(U$17,$D$71,(T93+T94)/2))*U$19,NA()) -> 0.081926658 | V94: =IF(V$13,V93*V$18+(V$14+V$15*IF(V$17,$D$71,(U93+U94)/2))*V$19,NA()) -> 0.00090185004
B95: Neutral fraction in organism | C95: fn,int | D95: =IF(D$85,IFERROR(1/(1+IF($F$21="Neutral",0,10^(IF($F$21="Acidic",1,-1)*(D$51-$F$20)))),"–"),"–") -> 0.0029425252 | E95: =IF(E$85,IFERROR(1/(1+IF($F$21="Neutral",0,10^(IF($F$21="Acidic",1,-1)*(E$51-$F$20)))),"–"),"–") -> 0.0029425252 | F95: =IF(F$85,IFERROR(1/(1+IF($F$21="Neutral",0,10^(IF($F$21="Acidic",1,-1)*(F$51-$F$20)))),"–"),"–") -> 0.0029425252 | G95: =IF(G$85,IFERROR(1/(1+IF($F$21="Neutral",0,10^(IF($F$21="Acidic",1,-1)*(G$51-$F$20)))),"–"),"–") -> 0.0029425252 | H95: Henderson–Hasselbalch (internal pH) | J95: Ve (L/d) and Q_pul = coefficient × m^0.75; GFR = coefficient × m^-0.25; '–' = not used for that class. | R95: =R94+$S$22 -> 5.6 | S95: =IF(S$13,S94*S$18+(S$14+S$15*IF(S$17,$D$71,0))*S$19,NA()) -> 0.047817619 | T95: =IF(T$13,T94*T$18+(T$14+T$15*IF(T$17,$D$71,(S94+S95)/2))*T$19,NA()) -> 0.1805786 | U95: =IF(U$13,U94*U$18+(U$14+U$15*IF(U$17,$D$71,(T94+T95)/2))*U$19,NA()) -> 0.082862235 | V95: =IF(V$13,V94*V$18+(V$14+V$15*IF(V$17,$D$71,(U94+U95)/2))*V$19,NA()) -> 0.00091319999
B96: D_OW at internal pH | C96: D_OW,int | D96: =IF(D$85,IFERROR(D95*10^$F$16+(1-D95)*10^$F$17,"–"),"–") -> 3.97306 | E96: =IF(E$85,IFERROR(E95*10^$F$16+(1-E95)*10^$F$17,"–"),"–") -> 3.97306 | F96: =IF(F$85,IFERROR(F95*10^$F$16+(1-F95)*10^$F$17,"–"),"–") -> 3.97306 | G96: =IF(G$85,IFERROR(G95*10^$F$16+(1-G95)*10^$F$17,"–"),"–") -> 3.97306 | J96: Ve: Frappell et al. (2001); Q_pul: Grubb (1983), Dawson (2014), Choma (2011); GFR: Scanes et al. (2022); urine pH: assumed. | R96: =R95+$S$22 -> 5.68 | S96: =IF(S$13,S95*S$18+(S$14+S$15*IF(S$17,$D$71,0))*S$19,NA()) -> 0.048152454 | T96: =IF(T$13,T95*T$18+(T$14+T$15*IF(T$17,$D$71,(S95+S96)/2))*T$19,NA()) -> 0.18063064 | U96: =IF(U$13,U95*U$18+(U$14+U$15*IF(U$17,$D$71,(T95+T96)/2))*U$19,NA()) -> 0.083791558 | V96: =IF(V$13,V95*V$18+(V$14+V$15*IF(V$17,$D$71,(U95+U96)/2))*V$19,NA()) -> 0.00092447415
B97: Lipid–water distribution | C97: D_lipW | D97: =IF(D$85,IFERROR(D96,"–"),"–") -> 3.97306 | E97: =IF(E$85,IFERROR(E96,"–"),"–") -> 3.97306 | F97: =IF(F$85,IFERROR(F96,"–"),"–") -> 3.97306 | G97: =IF(G$85,IFERROR(G96,"–"),"–") -> 3.97306 | H97: Equal to D_OW,int | J97: Diet (Hendriks et al., 2001; lipid fraction of food: this study) | R97: =R96+$S$22 -> 5.76 | S97: =IF(S$13,S96*S$18+(S$14+S$15*IF(S$17,$D$71,0))*S$19,NA()) -> 0.048481249 | T97: =IF(T$13,T96*T$18+(T$14+T$15*IF(T$17,$D$71,(S96+S97)/2))*T$19,NA()) -> 0.18067873 | U97: =IF(U$13,U96*U$18+(U$14+U$15*IF(U$17,$D$71,(T96+T97)/2))*U$19,NA()) -> 0.084714667 | V97: =IF(V$13,V96*V$18+(V$14+V$15*IF(V$17,$D$71,(U96+U97)/2))*V$19,NA()) -> 0.00093567301
B98: Membrane–water distribution (Est. I) | C98: D_MW | D98: =IF(D$85,IFERROR(IF($F$21="Neutral",(10^$F$16)^0.94,2*D96^0.94),"–"),"–") -> 7.3148869 | E98: =IF(E$85,IFERROR(IF($F$21="Neutral",(10^$F$16)^0.94,2*E96^0.94),"–"),"–") -> 7.3148869 | F98: =IF(F$85,IFERROR(IF($F$21="Neutral",(10^$F$16)^0.94,2*F96^0.94),"–"),"–") -> 7.3148869 | G98: =IF(G$85,IFERROR(IF($F$21="Neutral",(10^$F$16)^0.94,2*G96^0.94),"–"),"–") -> 7.3148869 | H98: Kow^0.94 (neutral) or 2.0·D_OW,int^0.94 | J98: Diet | K98: p1 | L98: f_CH2 | M98: p1: fraction of food assimilated; f_CH2: lipid fraction of food | R98: =R97+$S$22 -> 5.84 | S98: =IF(S$13,S97*S$18+(S$14+S$15*IF(S$17,$D$71,0))*S$19,NA()) -> 0.048804112 | T98: =IF(T$13,T97*T$18+(T$14+T$15*IF(T$17,$D$71,(S97+S98)/2))*T$19,NA()) -> 0.1807232 | U98: =IF(U$13,U97*U$18+(U$14+U$15*IF(U$17,$D$71,(T97+T98)/2))*U$19,NA()) -> 0.085631604 | V98: =IF(V$13,V97*V$18+(V$14+V$15*IF(V$17,$D$71,(U97+U98)/2))*V$19,NA()) -> 0.00094679706
B99: Protein–water distribution (Est. I) | C99: D_protW | D99: =IF(D$85,IFERROR(IF($F$21="Neutral",(10^$F$16)^0.63,2.9*D96^0.63),"–"),"–") -> 6.9158701 | E99: =IF(E$85,IFERROR(IF($F$21="Neutral",(10^$F$16)^0.63,2.9*E96^0.63),"–"),"–") -> 6.9158701 | F99: =IF(F$85,IFERROR(IF($F$21="Neutral",(10^$F$16)^0.63,2.9*F96^0.63),"–"),"–") -> 6.9158701 | G99: =IF(G$85,IFERROR(IF($F$21="Neutral",(10^$F$16)^0.63,2.9*G96^0.63),"–"),"–") -> 6.9158701 | H99: Kow^0.63 (neutral) or 2.9·D_OW,int^0.63 | J99: Photosynthesis | K99: 0 | L99: 0 | R99: =R98+$S$22 -> 5.92 | S99: =IF(S$13,S98*S$18+(S$14+S$15*IF(S$17,$D$71,0))*S$19,NA()) -> 0.049121151 | T99: =IF(T$13,T98*T$18+(T$14+T$15*IF(T$17,$D$71,(S98+S99)/2))*T$19,NA()) -> 0.1807643 | U99: =IF(U$13,U98*U$18+(U$14+U$15*IF(U$17,$D$71,(T98+T99)/2))*U$19,NA()) -> 0.086542408 | V99: =IF(V$13,V98*V$18+(V$14+V$15*IF(V$17,$D$71,(U98+U99)/2))*V$19,NA()) -> 0.00095784679
B100: Organism–water partitioning, Est. I | C100: K_iW I | D100: =IF(D$85,IFERROR(D91*D97+D92*D98+D93*D99+D94,"–"),"–") -> 1.2497837 | E100: =IF(E$85,IFERROR(E91*E97+E92*E98+E93*E99+E94,"–"),"–") -> 1.8516732 | F100: =IF(F$85,IFERROR(F91*F97+F92*F98+F93*F99+F94,"–"),"–") -> 2.2269279 | G100: =IF(G$85,IFERROR(G91*G97+G92*G98+G93*G99+G94,"–"),"–") -> 2.553057 | H100: Eq. 2 (Hendriks et al., 2005) | J100: Detritus | K100: 0.2 | L100: 0.01 | R100: =R99+$S$22 -> 6 | S100: =IF(S$13,S99*S$18+(S$14+S$15*IF(S$17,$D$71,0))*S$19,NA()) -> 0.049432471 | T100: =IF(T$13,T99*T$18+(T$14+T$15*IF(T$17,$D$71,(S99+S100)/2))*T$19,NA()) -> 0.18080231 | U100: =IF(U$13,U99*U$18+(U$14+U$15*IF(U$17,$D$71,(T99+T100)/2))*U$19,NA()) -> 0.087447122 | V100: =IF(V$13,V99*V$18+(V$14+V$15*IF(V$17,$D$71,(U99+U100)/2))*V$19,NA()) -> 0.00096882267
B101: Organism–water partitioning, Est. II | C101: K_iW II | D101: =IF(D$85,IFERROR(IF(OR($F$21="Neutral",NOT($D$74)),D100,D91*D97+D92*$D$79+$L$116*D93*$D$80+(1-$L$116)*D93*$D$81+D94),"–"),"–") -> 1.176326 | E101: =IF(E$85,IFERROR(IF(OR($F$21="Neutral",NOT($D$74)),E100,E91*E97+E92*$D$79+$L$116*E93*$D$80+(1-$L$116)*E93*$D$81+E94),"–"),"–") -> 1.3176567 | F101: =IF(F$85,IFERROR(IF(OR($F$21="Neutral",NOT($D$74)),F100,F91*F97+F92*$D$79+$L$116*F93*$D$80+(1-$L$116)*F93*$D$81+F94),"–"),"–") -> 1.4370454 | G101: =IF(G$85,IFERROR(IF(OR($F$21="Neutral",NOT($D$74)),G100,G91*G97+G92*$D$79+$L$116*G93*$D$80+(1-$L$116)*G93*$D$81+G94),"–"),"–") -> 1.6096549 | H101: Eq. 6 (= Est. I if neutral or no descriptors) | J101: Herbivore | K101: 0.4 | L101: 0.01 | R101: =R100+$S$22 -> 6.08 | S101: =IF(S$13,S100*S$18+(S$14+S$15*IF(S$17,$D$71,0))*S$19,NA()) -> 0.049738174 | T101: =IF(T$13,T100*T$18+(T$14+T$15*IF(T$17,$D$71,(S100+S101)/2))*T$19,NA()) -> 0.18083746 | U101: =IF(U$13,U100*U$18+(U$14+U$15*IF(U$17,$D$71,(T100+T101)/2))*U$19,NA()) -> 0.088345784 | V101: =IF(V$13,V100*V$18+(V$14+V$15*IF(V$17,$D$71,(U100+U101)/2))*V$19,NA()) -> 0.0009797252
B102: Organism–water partitioning used | C102: K_iW | D102: =IF(D$85,IFERROR(IF($D$54="I",D100,D101),"–"),"–") -> 1.2497837 | E102: =IF(E$85,IFERROR(IF($D$54="I",E100,E101),"–"),"–") -> 1.8516732 | F102: =IF(F$85,IFERROR(IF($D$54="I",F100,F101),"–"),"–") -> 2.2269279 | G102: =IF(G$85,IFERROR(IF($D$54="I",G100,G101),"–"),"–") -> 2.553057 | H102: Model option K_iW | J102: Carnivore | K102: 0.8 | L102: 0.05 | R102: =R101+$S$22 -> 6.16 | S102: =IF(S$13,S101*S$18+(S$14+S$15*IF(S$17,$D$71,0))*S$19,NA()) -> 0.050038363 | T102: =IF(T$13,T101*T$18+(T$14+T$15*IF(T$17,$D$71,(S101+S102)/2))*T$19,NA()) -> 0.18086997 | U102: =IF(U$13,U101*U$18+(U$14+U$15*IF(U$17,$D$71,(T101+T102)/2))*U$19,NA()) -> 0.089238435 | V102: =IF(V$13,V101*V$18+(V$14+V$15*IF(V$17,$D$71,(U101+U102)/2))*V$19,NA()) -> 0.00099055485
B103: Lipid layer permeation resistance | C103: ρCH2 | D103: =IF(D$85,IFERROR($L$108,"–"),"–") -> 4600 | E103: =IF(E$85,IFERROR($L$109,"–"),"–") -> 68 | F103: =IF(F$85,IFERROR($L$109,"–"),"–") -> 68 | G103: =IF(G$85,IFERROR($L$109,"–"),"–") -> 68 | H103: 4600 at TL 1, 68 at TL ≥ 2 | R103: =R102+$S$22 -> 6.24 | S103: =IF(S$13,S102*S$18+(S$14+S$15*IF(S$17,$D$71,0))*S$19,NA()) -> 0.050333136 | T103: =IF(T$13,T102*T$18+(T$14+T$15*IF(T$17,$D$71,(S102+S103)/2))*T$19,NA()) -> 0.18090003 | U103: =IF(U$13,U102*U$18+(U$14+U$15*IF(U$17,$D$71,(T102+T103)/2))*U$19,NA()) -> 0.090125115 | V103: =IF(V$13,V102*V$18+(V$14+V$15*IF(V$17,$D$71,(U102+U103)/2))*V$19,NA()) -> 0.0010013121
...

Sheet Chemical Data
A1: Chemical Data – pharmaceuticals available in the Model drop-down
A2: Sorted A–Z. '-' = descriptor not available. To add a compound, fill in a new row directly below the last one: it then appears in the Model drop-down (the list reads column A down to the first empty row).
A3: Identifiers (PubChem) | C3: Ionisation and log Kow (RDKit) | G3: log Koa and pKa (CompTox) | K3: EPI Suite | L3: Abraham descriptors – measured (UFZ-LSERD; averaged) | R3: Abraham descriptors – QSBR estimates
A4: Name | B4: SMILES | C4: Ionising functional group | D4: Ionisation type | E4: log Kow (neutral) | F4: log Kow (ionised) | G4: log Koa | H4: pKa (acidic) | I4: pKa (basic) | J4: pKa (relevant) | K4: Fish half-life (d) | L4: E | M4: S | N4: A | O4: B | P4: V | Q4: L | R4: E | S4: S | T4: A | U4: B | V4: V | W4: L
A5: Acetaminophen | B5: CC(=O)NC1=CC=C(C=C1)O | C5: Phenoxide | D5: Acidic | E5: 1.3506 | F5: 0.7186 | G5: 7.96 | H5: 9.86 | I5: 1.72 | J5: =IF(D5="Acidic",H5,IF(D5="Basic",I5,IF(ABS(H5-7.4)<=ABS(I5-7.4),H5,I5))) -> 9.86 | K5: 0.0108 | L5: 1.09 | M5: 1.66 | N5: 1.0372727 | O5: 0.86363636 | P5: 1.1724 | Q5: 6.44875 | R5: - | S5: - | T5: - | U5: - | V5: - | W5: -
A6: Amitriptyline | B6: CN(C)CCC=C1C2=CC=CC=C2CCC3=CC=CC=C31 | C6: 3° Amine | D6: Basic | E6: 4.1686 | F6: 2.7515 | G6: 9.6 | I6: 9.54 | J6: =IF(D6="Acidic",H6,IF(D6="Basic",I6,IF(ABS(H6-7.4)<=ABS(I6-7.4),H6,I6))) -> 9.54 | K6: 0.598 | L6: 1.9852 | M6: 1.474 | N6: 0 | O6: 1.056 | P6: 2.3996 | Q6: 11.336667 | R6: - | S6: - | T6: - | U6: - | V6: - | W6: -
A7: Aripiprazole | B7: C1CC(=O)NC2=C1C=CC(=C2)OCCCCN3CCN(CC3)C4=C(C(=CC=C4)Cl)Cl | C7: 3° Amine | D7: Basic | E7: 4.8593 | F7: 3.4422 | G7: 10.21 | H7: 11.6 | I7: 7.28 | J7: =IF(D7="Acidic",H7,IF(D7="Basic",I7,IF(ABS(H7-7.4)<=ABS(I7-7.4),H7,I7))) -> 7.28 | K7: 0.134 | L7: - | M7: - | N7: - | O7: - | P7: - | Q7: - | R7: - | S7: - | T7: - | U7: - | V7: - | W7: -
A8: Atenolol | B8: CC(C)NCC(COC1=CC=C(C=C1)CC(=O)N)O | C8: 2° Amine | D8: Basic | E8: 0.4521 | F8: -0.5741 | G8: 9.23 | H8: 13.9 | I8: 8.79 | J8: =IF(D8="Acidic",H8,IF(D8="Basic",I8,IF(ABS(H8-7.4)<=ABS(I8-7.4),H8,I8))) -> 8.79 | K8: 0.014 | L8: 1.45 | M8: 1.89 | N8: 0.634 | O8: 1.962 | P8: 2.1763 | Q8: 10.625 | R8: - | S8: - | T8: - | U8: - | V8: - | W8: -
A9: Azithromycin | B9: CC[C@@H]1[C@@]([C@@H]([C@H](N(C[C@@H](C[C@@]([C@@H]([C@H]([C@@H]([C@H](C(=O)O1)C)O[C@H]2C[C@@]([C@H]([C@@H](O2)C)O)(C)OC)C)O[C@H]3[C@@H]([C@H](C[C@H](O3)C)N(C)C)O)(C)O)C)C)C)O)(C)O | C9: 3° Amine | D9: Basic | E9: 1.9007 | F9: =E9 -> 1.9007 | G9: 9.53 | I9: 8.74 | J9: =IF(D9="Acidic",H9,IF(D9="Basic",I9,IF(ABS(H9-7.4)<=ABS(I9-7.4),H9,I9))) -> 8.74 | K9: 0.02262 | L9: 2.242 | M9: 3.2 | N9: 1.19 | O9: 4.9 | P9: 5.998 | Q9: 22.899 | R9: 1.81 | S9: 2.55 | T9: 1.53 | U9: 5.36 | V9: 5.998 | W9: 22.899
A10: Bezafibrate | B10: CC(C)(C(=O)O)OC1=CC=C(C=C1)CCNC(=O)C2=CC=C(C=C2)Cl | C10: Carboxylic Acid | D10: Acidic | E10: 3.5545 | F10: 2.2198 | G10: 9.46 | H10: 4.25 | I10: -2.06 | J10: =IF(D10="Acidic",H10,IF(D10="Basic",I10,IF(ABS(H10-7.4)<=ABS(I10-7.4),H10,I10))) -> 4.25 | K10: 1.86 | L10: - | M10: - | N10: - | O10: - | P10: - | Q10: - | R10: - | S10: - | T10: - | U10: - | V10: - | W10: -
A11: Caffeine | B11: CN1C=NC2=C1C(=O)N(C(=O)N2C)C | C11: 3° Amine | D11: Basic | E11: -1.0293 | F11: -1.6102 | G11: 8.52 | I11: 1.48 | J11: =IF(D11="Acidic",H11,IF(D11="Basic",I11,IF(ABS(H11-7.4)<=ABS(I11-7.4),H11,I11))) -> 1.48 | K11: 0.0218 | L11: 1.5111333 | M11: 1.7141333 | N11: 0.041666667 | O11: 1.2749333 | P11: 1.3632 | Q11: 7.639 | R11: 1.43 | S11: 1.82 | T11: 0 | U11: 1.27 | V11: 1.3632 | W11: 7.721
A12: Carbamazepine | B12: NC(=O)N1C2=CC=CC=C2C=CC2=CC=CC=C12 | C12: 3° Amine | D12: Neutral | E12: 3.3872 | F12: =E12 -> 3.3872 | G12: 11 | H12: 9.51 | I12: -0.49 | J12: =IF(D12="Acidic",H12,IF(D12="Basic",I12,IF(ABS(H12-7.4)<=ABS(I12-7.4),H12,I12))) -> 9.51 | K12: 0.1499 | L12: 2.1513333 | M12: 1.9383171 | N12: 0.51389429 | O12: 1.0697643 | P12: 1.8106 | Q12: 9.789665 | R12: - | S12: - | T12: - | U12: - | V12: - | W12: -
A13: Celecoxib | B13: CC1=CC=C(C=C1)C2=CC(=NN2C3=CC=C(C=C3)S(=O)(=O)N)C(F)(F)F | C13: 1° Amine | D13: Basic | E13: 3.51392 | F13: 2.93302 | G13: 10.87 | H13: 11.3 | I13: -1.47 | J13: =IF(D13="Acidic",H13,IF(D13="Basic",I13,IF(ABS(H13-7.4)<=ABS(I13-7.4),H13,I13))) -> -1.47 | K13: 6.68 | L13: 2.04 | M13: 2.44 | N13: 0.6 | O13: 1.26 | P13: 2.4675 | Q13: 13.04 | R13: - | S13: - | T13: - | U13: - | V13: - | W13: -
A14: Chloramphenicol | B14: C1=CC(=CC=C1[C@H]([C@@H](CO)NC(=O)C(Cl)Cl)O)[N+](=O)[O-] | C14: 3° Amine | D14: Neutral | E14: 0.909 | F14: =E14 -> 0.909 | G14: 9.24 | H14: 10.4 | I14: -1.73 | J14: =IF(D14="Acidic",H14,IF(D14="Basic",I14,IF(ABS(H14-7.4)<=ABS(I14-7.4),H14,I14))) -> 10.4 | K14: 0.00606 | L14: 1.85 | M14: 1.91 | N14: 0.68 | O14: 1.72 | P14: 2.0728 | Q14: 10.82 | R14: - | S14: - | T14: - | U14: - | V14: - | W14: -
A15: Ciprofloxacin | B15: C1CC1N2C=C(C(=O)C3=CC(=C(C=C32)N4CCNCC4)F)C(=O)O | C15: Carboxylic Acid | D15: Acidic | E15: 1.5833 | F15: 0.2486 | G15: 9.43 | H15: 2.74 | I15: 8.3 | J15: =IF(D15="Acidic",H15,IF(D15="Basic",I15,IF(ABS(H15-7.4)<=ABS(I15-7.4),H15,I15))) -> 2.74 | K15: 0.0203 | L15: - | M15: - | N15: - | O15: - | P15: - | Q15: - | R15: - | S15: - | T15: - | U15: - | V15: - | W15: -
A16: Citalopram | B16: CN(C)CCCC1(C2=C(CO1)C=C(C=C2)C#N)C3=CC=C(C=C3)F | C16: 3° Amine | D16: Basic | E16: 3.81298 | F16: 2.39588 | G16: 10.63 | I16: 8.46 | J16: =IF(D16="Acidic",H16,IF(D16="Basic",I16,IF(ABS(H16-7.4)<=ABS(I16-7.4),H16,I16))) -> 8.46 | K16: 0.691 | L16: 1.83 | M16: 1.99 | N16: 0 | O16: 1.53 | P16: 2.5328 | Q16: 12.14 | R16: - | S16: - | T16: - | U16: - | V16: - | W16: -
A17: Clarithromycin | B17: CC[C@@H]1[C@@]([C@@H]([C@H](C(=O)[C@@H](C[C@@]([C@@H]([C@H]([C@@H]([C@H](C(=O)O1)C)O[C@H]2C[C@@]([C@H]([C@@H](O2)C)O)(C)OC)C)O[C@H]3[C@@H]([C@H](C[C@H](O3)C)N(C)C)O)(C)OC)C)C)O)(C)O | C17: 3° Amine | D17: Basic | E17: 2.4397 | F17: 1.0226 | G17: 9.52 | H17: 13.1 | I17: 7.31 | J17: =IF(D17="Acidic",H17,IF(D17="Basic",I17,IF(ABS(H17-7.4)<=ABS(I17-7.4),H17,I17))) -> 7.31 | K17: 0.0398 | L17: 2.72 | M17: 3.65 | N17: 1 | O17: 4.98 | P17: 5.9139 | Q17: 26.8 | R17: - | S17: - | T17: - | U17: - | V17: - | W17: -
A18: Clozapine | B18: CN1CCN(CC1)C2=NC3=C(C=CC(=C3)Cl)NC4=CC=CC=C42 | C18: 2° Amine | D18: Basic | E18: 3.7227 | F18: 1.8033 | G18: 10.5 | I18: 8.49 | J18: =IF(D18="Acidic",H18,IF(D18="Basic",I18,IF(ABS(H18-7.4)<=ABS(I18-7.4),H18,I18))) -> 8.49 | K18: 0.813 | L18: 2.56 | M18: 1.52 | N18: 0.25 | O18: 1.7 | P18: 2.431 | Q18: 12.38 | R18: - | S18: - | T18: - | U18: - | V18: - | W18: -
A19: Diclofenac | B19: C1=CC=C(C(=C1)CC(=O)O)NC2=C(C=CC=C2Cl)Cl | C19: Carboxylic Acid | D19: Acidic | E19: 4.3641 | F19: 3.0294 | G19: 9.3 | H19: 4.13 | I19: -2.25 | J19: =IF(D19="Acidic",H19,IF(D19="Basic",I19,IF(ABS(H19-7.4)<=ABS(I19-7.4),H19,I19))) -> 4.13 | K19: 6.13 | L19: 1.9657143 | M19: 1.6742857 | N19: 0.60571429 | O19: 0.83857143 | P19: 2.025 | Q19: 11.025 | R19: - | S19: - | T19: - | U19: - | V19: - | W19: -
A20: Diltiazem | B20: CC(=O)O[C@@H]1[C@@H](SC2=CC=CC=C2N(C1=O)CCN(C)C)C3=CC=C(C=C3)OC | C20: 3° Amine | D20: Basic | E20: 3.3685 | F20: 1.9514 | G20: 11.68 | I20: 6.48 | J20: =IF(D20="Acidic",H20,IF(D20="Basic",I20,IF(ABS(H20-7.4)<=ABS(I20-7.4),H20,I20))) -> 6.48 | K20: 0.0236 | L20: 2.6603333 | M20: 2.14 | N20: 0 | O20: 2.22 | P20: 3.1365 | Q20: 15.56 | R20: - | S20: - | T20: - | U20: - | V20: - | W20: -
A21: Diphenhydramine | B21: CN(C)CCOC(C1=CC=CC=C1)C2=CC=CC=C2 | C21: 3° Amine | D21: Basic | E21: 3.3542 | F21: 1.9371 | G21: 8.53 | I21: 8.77 | J21: =IF(D21="Acidic",H21,IF(D21="Basic",I21,IF(ABS(H21-7.4)<=ABS(I21-7.4),H21,I21))) -> 8.77 | K21: 0.0484 | L21: 1.357615 | M21: 1.1947825 | N21: 0 | O21: 1.15111 | P21: 2.1872 | Q21: 9.31 | R21: - | S21: - | T21: - | U21: - | V21: - | W21: -
A22: Doxycycline | B22: C[C@@H]1[C@H]2[C@@H]([C@H]3[C@@H](C(=O)C(=C([C@]3(C(=O)C2=C(C4=C1C=CC=C4O)O)O)O)C(=O)N)N(C)C)O | C22: Phenoxide | D22: Acidic | E22: -0.0824 | F22: -3.3292 | G22: 9.45 | H22: 3.4 | I22: 9.7 | J22: =IF(D22="Acidic",H22,IF(D22="Basic",I22,IF(ABS(H22-7.4)<=ABS(I22-7.4),H22,I22))) -> 3.4 | K22: 1.372e-05 | L22: - | M22: - | N22: - | O22: - | P22: - | Q22: - | R22: 3.45 | S22: 3.35 | T22: 1.89 | U22: 3.52 | V22: 3.0992 | W22: 16.116
A23: Duloxetine | B23: CNCC[C@@H](C1=CC=CS1)OC2=CC=CC3=CC=CC=C32 | C23: 2° Amine | D23: Basic | E23: 4.6309 | F23: 3.6047 | G23: 11.3 | I23: 10 | J23: =IF(D23="Acidic",H23,IF(D23="Basic",I23,IF(ABS(H23-7.4)<=ABS(I23-7.4),H23,I23))) -> 10 | K23: 7.76 | L23: - | M23: - | N23: - | O23: - | P23: - | Q23: - | R23: - | S23: - | T23: - | U23: - | V23: - | W23: -
A24: Enoxacin | B24: CCN1C=C(C(=O)C2=CC(=C(N=C21)N3CCNCC3)F)C(=O)O | C24: Carboxylic Acid | D24: Acidic | E24: 0.6633 | F24: -0.6714 | G24: 9.42 | H24: 3.37 | I24: 6.57 | J24: =IF(D24="Acidic",H24,IF(D24="Basic",I24,IF(ABS(H24-7.4)<=ABS(I24-7.4),H24,I24))) -> 3.37 | K24: 0.00121 | L24: - | M24: - | N24: - | O24: - | P24: - | Q24: - | R24: - | S24: - | T24: - | U24: - | V24: - | W24: -
A25: Enrofloxacin | B25: CCN1CCN(CC1)C2=C(C=C3C(=C2)N(C=C(C3=O)C(=O)O)C4CC4)F | C25: Carboxylic Acid | D25: Acidic | E25: 2.3156 | F25: 0.9809 | G25: 10.38 | H25: 2.68 | I25: 7.65 | J25: =IF(D25="Acidic",H25,IF(D25="Basic",I25,IF(ABS(H25-7.4)<=ABS(I25-7.4),H25,I25))) -> 2.68 | K25: 0.00279 | L25: - | M25: - | N25: - | O25: - | P25: - | Q25: - | R25: - | S25: - | T25: - | U25: - | V25: - | W25: -
A26: Erythromycin | B26: CC[C@@H]1[C@@]([C@@H]([C@H](C(=O)[C@@H](C[C@@]([C@@H]([C@H]([C@@H]([C@H](C(=O)O1)C)O[C@H]2C[C@@]([C@H]([C@@H](O2)C)O)(C)OC)C)O[C@H]3[C@@H]([C@H](C[C@H](O3)C)N(C)C)O)(C)O)C)C)O)(C)O | C26: 3° Amine | D26: Basic | E26: 1.7856 | F26: =E26 -> 1.7856 | G26: 9.53 | H26: 13.1 | I26: 7.14 | J26: =IF(D26="Acidic",H26,IF(D26="Basic",I26,IF(ABS(H26-7.4)<=ABS(I26-7.4),H26,I26))) -> 7.14 | K26: 0.0229 | L26: 2.9 | M26: 3.73 | N26: 1.25 | O26: 4.96 | P26: 5.773 | Q26: 26.13 | R26: - | S26: - | T26: - | U26: - | V26: - | W26: -
A27: Estradiol | B27: C[C@]12CC[C@H]3[C@H]([C@@H]1CC[C@@H]2O)CCC4=C3C=CC(=C4)O | C27: Phenoxide | D27: Acidic | E27: 3.6092 | F27: 2.9772 | G27: 9.15 | H27: 11 | J27: =IF(D27="Acidic",H27,IF(D27="Basic",I27,IF(ABS(H27-7.4)<=ABS(I27-7.4),H27,I27))) -> 11 | K27: 0.0834 | L27: 1.8 | M27: 1.96125 | N27: 0.8625 | O27: 1.08125 | P27: 2.1988 | Q27: 11.09131 | R27: - | S27: - | T27: - | U27: - | V27: - | W27: -
A28: Flumequine | B28: CC1CCC2=C3N1C=C(C(=O)C3=CC(=C2)F)C(=O)O | C28: Carboxylic Acid | D28: Acidic | E28: 2.346 | F28: 1.0113 | G28: 10.62 | H28: 2.54 | I28: -1.98 | J28: =IF(D28="Acidic",H28,IF(D28="Basic",I28,IF(ABS(H28-7.4)<=ABS(I28-7.4),H28,I28))) -> 2.54 | K28: 0.075 | L28: - | M28: - | N28: - | O28: - | P28: - | Q28: - | R28: - | S28: - | T28: - | U28: - | V28: - | W28: -
A29: Fluoxetine | B29: CNCCC(OC1=CC=C(C=C1)C(F)(F)F)C1=CC=CC=C1 | C29: 2° Amine | D29: Basic | E29: 4.435 | F29: 3.4088 | G29: 9.79 | I29: 11.3 | J29: =IF(D29="Acidic",H29,IF(D29="Basic",I29,IF(ABS(H29-7.4)<=ABS(I29-7.4),H29,I29))) -> 11.3 | K29: 3.11 | L29: 1.092 | M29: 1.3 | N29: 0.108 | O29: 0.97 | P29: 2.2403 | Q29: 9.968 | R29: - | S29: - | T29: - | U29: - | V29: - | W29: -
A30: Fluvoxamine | B30: COCCCC/C(=N\OCCN)/C1=CC=C(C=C1)C(F)(F)F | C30: 1° Amine | D30: Basic | E30: 3.2015 | F30: 2.4847 | G30: 9.3 | I30: 7.05 | J30: =IF(D30="Acidic",H30,IF(D30="Basic",I30,IF(ABS(H30-7.4)<=ABS(I30-7.4),H30,I30))) -> 7.05 | K30: 4.42 | L30: 0.78 | M30: 1.1 | N30: 0.16 | O30: 1.36 | P30: 2.3116 | Q30: 9.26 | R30: - | S30: - | T30: - | U30: - | V30: - | W30: -
A31: Hydroxyzine | B31: C1CN(CCN1CCOCCO)C(C2=CC=CC=C2)C3=CC=C(C=C3)Cl | C31: 3° Amine | D31: Basic | E31: 3.0559 | F31: 1.6388 | G31: 10.41 | H31: 14.4 | I31: 6.61 | J31: =IF(D31="Acidic",H31,IF(D31="Basic",I31,IF(ABS(H31-7.4)<=ABS(I31-7.4),H31,I31))) -> 6.61 | K31: 0.00817 | L31: 2 | M31: 2.185 | N31: 0.1 | O31: 1.885 | P31: 2.9231 | Q31: 13.88 | R31: - | S31: - | T31: - | U31: - | V31: - | W31: -
A32: Ibuprofen | B32: CC(C)CC1=CC=C(C=C1)C(C)C(=O)O | C32: Carboxylic Acid | D32: Acidic | E32: 3.0732 | F32: 1.7385 | G32: 8.76 | H32: 4.66 | J32: =IF(D32="Acidic",H32,IF(D32="Basic",I32,IF(ABS(H32-7.4)<=ABS(I32-7.4),H32,I32))) -> 4.66 | K32: 1.87 | L32: 0.72625 | M32: 0.69875 | N32: 0.575 | O32: 0.77125 | P32: 1.7771 | Q32: 7.126932 | R32: - | S32: - | T32: - | U32: - | V32: - | W32: -
A33: Ketoconazole | B33: CC(=O)N1CCN(CC1)C2=CC=C(C=C2)OC[C@@H]3CO[C@@](O3)(CN4C=CN=C4)C5=C(C=C(C=C5)Cl)Cl | C33: 3° Amine | D33: Basic | E33: 4.2058 | F33: 2.7887 | G33: 11.68 | H33: 7.97 | I33: 6.73 | J33: =IF(D33="Acidic",H33,IF(D33="Basic",I33,IF(ABS(H33-7.4)<=ABS(I33-7.4),H33,I33))) -> 6.73 | K33: 0.984 | L33: 3.14 | M33: 3.68 | N33: 0 | O33: 2.6 | P33: 3.7208 | Q33: 19.71 | R33: - | S33: - | T33: - | U33: - | V33: - | W33: -
A34: Ketoprofen | B34: CC(C1=CC(=CC=C1)C(=O)C2=CC=CC=C2)C(=O)O | C34: Carboxylic Acid | D34: Acidic | E34: 3.1057 | F34: 1.771 | G34: 10.57 | H34: 4.19 | J34: =IF(D34="Acidic",H34,IF(D34="Basic",I34,IF(ABS(H34-7.4)<=ABS(I34-7.4),H34,I34))) -> 4.19 | K34: 0.74 | L34: 1.634 | M34: 2.0888 | N34: 0.5492 | O34: 0.8876 | P34: 1.9779 | Q34: 10.527 | R34: - | S34: - | T34: - | U34: - | V34: - | W34: -
A35: Lomefloxacin | B35: CCN1C=C(C(=O)C2=CC(=C(C(=C21)F)N3CCNC(C3)C)F)C(=O)O | C35: Carboxylic Acid | D35: Acidic | E35: 1.7959 | F35: 0.4612 | G35: 9.28 | H35: 3.01 | I35: 7.64 | J35: =IF(D35="Acidic",H35,IF(D35="Basic",I35,IF(ABS(H35-7.4)<=ABS(I35-7.4),H35,I35))) -> 3.01 | K35: 0.02058 | L35: - | M35: - | N35: - | O35: - | P35: - | Q35: - | R35: 2.07 | S35: 2.48 | T35: 0.53 | U35: 1.89 | V35: 2.431 | W35: 11.851
A36: Metoprolol | B36: CC(C)NCC(COC1=CC=C(C=C1)CCOC)O | C36: 2° Amine | D36: Basic | E36: 1.6132 | F36: 0.587 | G36: 8.4 | H36: 13.9 | I36: 9.93 | J36: =IF(D36="Acidic",H36,IF(D36="Basic",I36,IF(ABS(H36-7.4)<=ABS(I36-7.4),H36,I36))) -> 9.93 | K36: 0.325 | L36: 1.162 | M36: 1.3 | N36: 0.156 | O36: 1.696 | P36: 2.2604 | Q36: 9.83 | R36: - | S36: - | T36: - | U36: - | V36: - | W36: -
A37: Naproxen | B37: C[C@@H](C1=CC2=C(C=C1)C=C(C=C2)OC)C(=O)O | C37: Carboxylic Acid | D37: Acidic | E37: 3.0365 | F37: 1.7018 | G37: 9.75 | H37: 4.7 | J37: =IF(D37="Acidic",H37,IF(D37="Basic",I37,IF(ABS(H37-7.4)<=ABS(I37-7.4),H37,I37))) -> 4.7 | K37: 1.74 | L37: 1.51 | M37: 2.0003333 | N37: 0.6 | O37: 0.6755 | P37: 1.7821 | Q37: 9.207 | R37: - | S37: - | T37: - | U37: - | V37: - | W37: -
A38: Norfloxacin | B38: CCN1C=C(C(=O)C2=CC(=C(C=C21)N3CCNCC3)F)C(=O)O | C38: Carboxylic Acid | D38: Acidic | E38: 1.2683 | F38: -0.0664 | G38: 9.38 | H38: 2.23 | I38: 8.69 | J38: =IF(D38="Acidic",H38,IF(D38="Basic",I38,IF(ABS(H38-7.4)<=ABS(I38-7.4),H38,I38))) -> 2.23 | K38: 0.01 | L38: - | M38: - | N38: - | O38: - | P38: - | Q38: - | R38: - | S38: - | T38: - | U38: - | V38: - | W38: -
A39: Ofloxacin | B39: CC1COC2=C3N1C=C(C(=O)C3=CC(=C2N4CCN(CC4)C)F)C(=O)O | C39: Carboxylic Acid | D39: Acidic | E39: 1.544 | F39: 0.2093 | G39: 10.42 | H39: 3.59 | I39: 7.38 | J39: =IF(D39="Acidic",H39,IF(D39="Basic",I39,IF(ABS(H39-7.4)<=ABS(I39-7.4),H39,I39))) -> 3.59 | K39: 0.000782 | L39: - | M39: - | N39: - | O39: - | P39: - | Q39: - | R39: - | S39: - | T39: - | U39: - | V39: - | W39: -
A40: Orlistat | B40: CCCCCCCCCCC[C@@H](C[C@H]1[C@@H](C(=O)O1)CCCCCC)OC(=O)[C@H](CC(C)C)NC=O | C40: None | D40: Neutral | E40: 6.8819 | F40: =E40 -> 6.8819 | G40: 10.2 | H40: 2.66 | I40: 12.7 | J40: =IF(D40="Acidic",H40,IF(D40="Basic",I40,IF(ABS(H40-7.4)<=ABS(I40-7.4),H40,I40))) -> 2.66 | K40: 0.032 | L40: - | M40: - | N40: - | O40: - | P40: - | Q40: - | R40: 0.36 | S40: 1.32 | T40: 0.27 | U40: 1.61 | V40: 4.3504 | W40: 15.795
A41: Oxazepam | B41: C1=CC=C(C=C1)C2=NC(C(=O)NC3=C2C=C(C=C3)Cl)O | C41: None | D41: Neutral | E41: 2.4479 | F41: =E41 -> 2.4479 | G41: 9.23 | H41: 9.97 | I41: -0.16 | J41: =IF(D41="Acidic",H41,IF(D41="Basic",I41,IF(ABS(H41-7.4)<=ABS(I41-7.4),H41,I41))) -> 9.97 | K41: 0.209 | L41: 2.35 | M41: 1.1133333 | N41: 0.28333333 | O41: 1.6133333 | P41: 1.9917 | Q41: 10.27 | R41: 2.45 | S41: 1.83 | T41: 0.63 | U41: 1.52 | V41: 1.9917 | W41: 10.621
A42: Oxytetracycline | B42: C[C@@]1([C@H]2[C@@H]([C@H]3[C@@H](C(=O)C(=C([C@]3(C(=O)C2=C(C4=C1C=CC=C4O)O)O)O)C(=O)N)N(C)C)O)O | C42: Phenoxide | D42: Acidic | E42: -1.4002 | F42: -2.0322 | G42: 9.5 | H42: 3.3 | I42: 9.1 | J42: =IF(D42="Acidic",H42,IF(D42="Basic",I42,IF(ABS(H42-7.4)<=ABS(I42-7.4),H42,I42))) -> 3.3 | K42: 4.179e-06 | L42: 3.6 | M42: 3.05 | N42: 1.65 | O42: 3.5 | P42: 3.1579 | Q42: 18.11 | R42: 3.65 | S42: 3.09 | T42: 2.26 | U42: 4.12 | V42: 3.1579 | W42: 16.767
A43: Propranolol | B43: CC(C)NCC(COC1=CC=CC2=CC=CC=C21)O | C43: 2° Amine | D43: Basic | E43: 2.5775 | F43: 1.5513 | G43: 8.4 | H43: 13.8 | I43: 8.97 | J43: =IF(D43="Acidic",H43,IF(D43="Basic",I43,IF(ABS(H43-7.4)<=ABS(I43-7.4),H43,I43))) -> 8.97 | K43: 2.76 | L43: 1.8261111 | M43: 1.4788889 | N43: 0.44333333 | O43: 1.3 | P43: 2.148 | Q43: 10.5 | R43: - | S43: - | T43: - | U43: - | V43: - | W43: -
A44: Quetiapine | B44: C1CN(CCN1CCOCCO)C2=NC3=CC=CC=C3SC4=CC=CC=C42 | C44: 3° Amine | D44: Basic | E44: 2.856 | F44: -1.1125 | G44: 10.35 | H44: 14.4 | I44: 7.1 | J44: =IF(D44="Acidic",H44,IF(D44="Basic",I44,IF(ABS(H44-7.4)<=ABS(I44-7.4),H44,I44))) -> 7.1 | K44: 0.206 | L44: 2.72 | M44: 1.91 | N44: 0.28 | O44: 2.24 | P44: 2.9124 | Q44: 14.573333 | R44: - | S44: - | T44: - | U44: - | V44: - | W44: -
A45: Roxithromycin | B45: CC[C@@H]1[C@@]([C@@H]([C@H](/C(=N/OCOCCOC)/[C@@H](C[C@@]([C@@H]([C@H]([C@@H]([C@H](C(=O)O1)C)O[C@H]2C[C@@]([C@H]([C@@H](O2)C)O)(C)OC)C)O[C@H]3[C@@H]([C@H](C[C@H](O3)C)N(C)C)O)(C)O)C)C)O)(C)O | C45: 3° Amine | D45: Basic | E45: 2.2096 | F45: =E45 -> 2.2096 | G45: 9.54 | H45: 13 | I45: 7.76 | J45: =IF(D45="Acidic",H45,IF(D45="Basic",I45,IF(ABS(H45-7.4)<=ABS(I45-7.4),H45,I45))) -> 7.76 | K45: 0.03148 | L45: - | M45: - | N45: - | O45: - | P45: - | Q45: - | R45: 1.93 | S45: 2.75 | T45: 1.53 | U45: 5.78 | V45: 6.5538 | W45: 25.364
A46: Salicylic acid | B46: C1=CC=C(C(=C1)C(=O)O)O | C46: Carboxylic Acid | D46: Acidic | E46: 1.0904 | F46: 0.4584 | G46: 7.44 | H46: 3.27 | J46: =IF(D46="Acidic",H46,IF(D46="Basic",I46,IF(ABS(H46-7.4)<=ABS(I46-7.4),H46,I46))) -> 3.27 | K46: 0.093 | L46: 0.90466667 | M46: 0.834 | N46: 0.722 | O46: 0.37266667 | P46: 0.9904 | Q46: 4.732 | R46: - | S46: - | T46: - | U46: - | V46: - | W46: -
A47: Sarafloxacin | B47: C1CN(CCN1)C2=C(C=C3C(=C2)N(C=C(C3=O)C(=O)O)C4=CC=C(C=C4)F)F | C47: Carboxylic Acid | D47: Acidic | E47: 2.3767 | F47: 1.042 | G47: 9.49 | H47: 3 | I47: 8.67 | J47: =IF(D47="Acidic",H47,IF(D47="Basic",I47,IF(ABS(H47-7.4)<=ABS(I47-7.4),H47,I47))) -> 3 | K47: 0.132 | L47: - | M47: - | N47: - | O47: - | P47: - | Q47: - | R47: 2.62 | S47: 2.68 | T47: 0.61 | U47: 2.13 | V47: 2.6161 | W47: 13.196
A48: Sertraline | B48: CN[C@H]1CC[C@H](C2=CC=CC=C12)C3=CC(=C(C=C3)Cl)Cl | C48: 2° Amine | D48: Basic | E48: 5.1796 | F48: 4.1534 | G48: 11.44 | I48: 8.16 | J48: =IF(D48="Acidic",H48,IF(D48="Basic",I48,IF(ABS(H48-7.4)<=ABS(I48-7.4),H48,I48))) -> 8.16 | K48: 45.8 | L48: 1.83 | M48: 1.5 | N48: 0.1 | O48: 0.82 | P48: 2.2647 | Q48: 10.84 | R48: 1.95 | S48: 1.29 | T48: 0.11 | U48: 0.73 | V48: 2.2647 | W48: 10.394
A49: Sulfacetamide | B49: CC(=O)NS(=O)(=O)C1=CC=C(C=C1)N | C49: 1° Amine | D49: Acidic | E49: 0.0936 | F49: -0.6152 | G49: 8.14 | H49: 5.54 | I49: 0.93 | J49: =IF(D49="Acidic",H49,IF(D49="Basic",I49,IF(ABS(H49-7.4)<=ABS(I49-7.4),H49,I49))) -> 5.54 | K49: 0.0163 | L49: 1.48 | M49: 2.73 | N49: 0.42 | O49: 1.3 | P49: 1.4944 | Q49: 8.73 | R49: - | S49: - | T49: - | U49: - | V49: - | W49: -
A50: Sulfadiazine | B50: C1=CN=C(N=C1)NS(=O)(=O)C2=CC=C(C=C2)N | C50: 1° Amine | D50: Acidic | E50: 0.8596 | F50: 0.2911 | G50: 9.13 | H50: 6.93 | I50: 1.74 | J50: =IF(D50="Acidic",H50,IF(D50="Basic",I50,IF(ABS(H50-7.4)<=ABS(I50-7.4),H50,I50))) -> 6.93 | K50: 0.0874 | L50: 2.08 | M50: 2.55 | N50: 0.65 | O50: 1.37 | P50: 1.7225 | Q50: 10.504 | R50: - | S50: - | T50: - | U50: - | V50: - | W50: -
A51: Sulfadimidine | B51: CC1=CC(=NC(=N1)NS(=O)(=O)C2=CC=C(C=C2)N)C | C51: 1° Amine | D51: Acidic | E51: 1.47644 | F51: 0.90794 | G51: 9.26 | H51: 7.71 | I51: 1.08 | J51: =IF(D51="Acidic",H51,IF(D51="Basic",I51,IF(ABS(H51-7.4)<=ABS(I51-7.4),H51,I51))) -> 7.71 | K51: 0.0402 | L51: 2.13 | M51: 2.53 | N51: 0.59 | O51: 1.53 | P51: 2.0043 | Q51: 11.504 | R51: - | S51: - | T51: - | U51: - | V51: - | W51: -
A52: Sulfamerazine | B52: CC1=NC(=NC=C1)NS(=O)(=O)C2=CC=C(C=C2)N | C52: 1° Amine | D52: Acidic | E52: 1.16802 | F52: 0.59952 | G52: 9.2 | H52: 6.94 | I52: 1.58 | J52: =IF(D52="Acidic",H52,IF(D52="Basic",I52,IF(ABS(H52-7.4)<=ABS(I52-7.4),H52,I52))) -> 6.94 | K52: 0.0632 | L52: 2.1 | M52: 2.65 | N52: 0.65 | O52: 1.42 | P52: 1.8634 | Q52: 11.027 | R52: 2.04 | S52: 2.59 | T52: 0.53 | U52: 1.46 | V52: 1.8634 | W52: 9.697
A53: Sulfamethazine | B53: CC1=CC(=NC(=N1)NS(=O)(=O)C2=CC=C(C=C2)N)C | C53: 1° Amine | D53: Acidic | E53: 1.47644 | F53: 0.90794 | G53: 9.26 | H53: 7.2 | J53: =IF(D53="Acidic",H53,IF(D53="Basic",I53,IF(ABS(H53-7.4)<=ABS(I53-7.4),H53,I53))) -> 7.2 | K53: 0.04023 | L53: 2.13 | M53: 2.53 | N53: 0.59 | O53: 1.53 | P53: 2.0043 | Q53: 11.504 | R53: 2.08 | S53: 2.51 | T53: 0.53 | U53: 1.61 | V53: 2.0043 | W53: 10.031
A54: Sulfamethoxazole | B54: CC1=CC(=NO1)NS(=O)(=O)C2=CC=C(C=C2)N | C54: 1° Amine | D54: Acidic | E54: 1.36602 | F54: 0.65722 | G54: 9.02 | H54: 6 | I54: 1.39 | J54: =IF(D54="Acidic",H54,IF(D54="Basic",I54,IF(ABS(H54-7.4)<=ABS(I54-7.4),H54,I54))) -> 6 | K54: 0.0621 | L54: 1.89 | M54: 2.23 | N54: 0.58 | O54: 1.29 | P54: 1.7244 | Q54: 9.76 | R54: - | S54: - | T54: - | U54: - | V54: - | W54: -
A55: Sulfamonomethoxine | B55: COC1=NC=NC(=C1)NS(=O)(=O)C2=CC=C(C=C2)N | C55: 1° Amine | D55: Acidic | E55: 0.8682 | F55: 0.2873 | G55: 9.23 | H55: 6.01 | I55: 3.39 | J55: =IF(D55="Acidic",H55,IF(D55="Basic",I55,IF(ABS(H55-7.4)<=ABS(I55-7.4),H55,I55))) -> 6.01 | K55: 0.104 | L55: 2.12 | M55: 2.73 | N55: 0.55 | O55: 1.45 | P55: 1.9221 | Q55: 11.26 | R55: - | S55: - | T55: - | U55: - | V55: - | W55: -
A56: Sulfapyridine | B56: C1=CC=NC(=C1)NS(=O)(=O)C2=CC=C(C=C2)N | C56: 1° Amine | D56: Acidic | E56: 1.4646 | F56: 0.8837 | G56: 9.09 | H56: 8.57 | I56: 2.41 | J56: =IF(D56="Acidic",H56,IF(D56="Basic",I56,IF(ABS(H56-7.4)<=ABS(I56-7.4),H56,I56))) -> 8.57 | K56: 0.0278 | L56: 2.04 | M56: 2.23 | N56: 0.59 | O56: 1.48 | P56: 1.7636 | Q56: 10.27 | R56: - | S56: - | T56: - | U56: - | V56: - | W56: -
A57: Sulfaquinoxaline | B57: C1=CC=C2C(=C1)N=CC(=N2)NS(=O)(=O)C3=CC=C(C=C3)N | C57: 1° Amine | D57: Acidic | E57: 2.0128 | F57: 1.3164 | G57: 9.39 | H57: 7.52 | I57: 1.95 | J57: =IF(D57="Acidic",H57,IF(D57="Basic",I57,IF(ABS(H57-7.4)<=ABS(I57-7.4),H57,I57))) -> 7.52 | K57: 0.0542 | L57: 2.84 | M57: 2.35 | N57: 0.4 | O57: 1.6 | P57: 2.0915 | Q57: 12.39 | R57: - | S57: - | T57: - | U57: - | V57: - | W57: -
A58: Sulfathiazole | B58: C1=CC(=CC=C1N)S(=O)(=O)NC2=NC=CS2 | C58: 1° Amine | D58: Acidic | E58: 1.5261 | F58: 0.9452 | G58: 9.07 | H58: 7.13 | I58: 2.17 | J58: =IF(D58="Acidic",H58,IF(D58="Basic",I58,IF(ABS(H58-7.4)<=ABS(I58-7.4),H58,I58))) -> 7.13 | K58: 0.0184 | L58: 2.11 | M58: 2.5 | N58: 0.68 | O58: 1.4 | P58: 1.6883 | Q58: 10.183333 | R58: - | S58: - | T58: - | U58: - | V58: - | W58: -
A59: Tetracycline | B59: C[C@@]1([C@H]2C[C@H]3[C@@H](C(=O)C(=C([C@]3(C(=O)C2=C(C4=C1C=CC=C4O)O)O)O)C(=O)N)N(C)C)O | C59: Phenoxide | D59: Acidic | E59: -0.371 | F59: -3.0521 | G59: 9.45 | H59: 3.3 | I59: 9.7 | J59: =IF(D59="Acidic",H59,IF(D59="Basic",I59,IF(ABS(H59-7.4)<=ABS(I59-7.4),H59,I59))) -> 3.3 | K59: 1.906e-05 | L59: 3.5 | M59: 3.6 | N59: 1.35 | O59: 3.29 | P59: 3.0992 | Q59: 18.19 | R59: 3.46 | S59: 3.94 | T59: 2.03 | U59: 3.31 | V59: 3.0992 | W59: 16.254
A60: Thiabendazole | B60: C1=CC=C2C(=C1)NC(=N2)C3=CSC=N3 | C60: 3° Amine | D60: Basic | E60: 2.6864 | F60: 2.1055 | G60: 10.05 | H60: 9.87 | I60: 4.15 | J60: =IF(D60="Acidic",H60,IF(D60="Basic",I60,IF(ABS(H60-7.4)<=ABS(I60-7.4),H60,I60))) -> 4.15 | K60: 0.193 | L60: 2.22 | M60: 1.9 | N60: 0.35 | O60: 0.64 | P60: 1.391325 | Q60: 8.709 | R60: 2.12 | S60: 2.22 | T60: 0.46 | U60: 0.74 | V60: 1.3967 | W60: 8.236
A61: Tilmicosin | B61: CC[C@@H]1[C@H](/C=C(/C=C/C(=O)[C@@H](C[C@@H]([C@@H]([C@H]([C@@H](CC(=O)O1)O)C)O[C@H]2[C@@H]([C@H]([C@@H]([C@H](O2)C)O)N(C)C)O)CCN3C[C@@H](C[C@@H](C3)C)C)C)\C)CO[C@H]4[C@@H]([C@@H]([C@@H]([C@H](O4)C)O)OC)OC | C61: 3° Amine | D61: Basic | E61: 3.3414 | F61: -0.1248 | G61: 9.56 | H61: 13.2 | I61: 10.4 | J61: =IF(D61="Acidic",H61,IF(D61="Basic",I61,IF(ABS(H61-7.4)<=ABS(I61-7.4),H61,I61))) -> 10.4 | K61: 0.0573 | L61: - | M61: - | N61: - | O61: - | P61: - | Q61: - | R61: 2.66 | S61: 3.28 | T61: 0.95 | U61: 5.37 | V61: 6.9463 | W61: 28.049
A62: Triclosan | B62: C1=CC(=C(C=C1Cl)O)OC2=C(C=C(C=C2)Cl)Cl | C62: Phenoxide | D62: Acidic | E62: 5.1447 | F62: 4.5127 | G62: 10.55 | H62: 8.23 | J62: =IF(D62="Acidic",H62,IF(D62="Basic",I62,IF(ABS(H62-7.4)<=ABS(I62-7.4),H62,I62))) -> 8.23 | K62: 3.29 | L62: 1.77 | M62: 1.541584 | N62: 0.603304 | O62: 0.423518 | P62: 1.8088 | Q62: 9.094996 | R62: - | S62: - | T62: - | U62: - | V62: - | W62: -
A63: Trimethoprim | B63: COC1=CC(=CC(=C1OC)OC)CC2=CN=C(N=C2N)N | C63: 1° Amine | D63: Basic | E63: 1.2576 | F63: 0.6767 | G63: 9.34 | I63: 7.13 | J63: =IF(D63="Acidic",H63,IF(D63="Basic",I63,IF(ABS(H63-7.4)<=ABS(I63-7.4),H63,I63))) -> 7.13 | K63: 0.0145 | L63: 1.9624286 | M63: 2.3297143 | N63: 0.184 | O63: 1.8641429 | P63: 2.1813 | Q63: 11.189 | R63: - | S63: - | T63: - | U63: - | V63: - | W63: -
A64: Tylosin | B64: CC[C@@H]1[C@H](/C=C(/C=C/C(=O)[C@@H](C[C@@H]([C@@H]([C@H]([C@@H](CC(=O)O1)O)C)O[C@H]2[C@@H]([C@H]([C@@H]([C@H](O2)C)O[C@H]3C[C@@]([C@H]([C@@H](O3)C)O)(C)O)N(C)C)O)CC=O)C)\C)CO[C@H]4[C@@H]([C@@H]([C@@H]([C@H](O4)C)O)OC)OC | C64: 3° Amine | D64: Basic | E64: 1.8335 | F64: =E64 -> 1.8335 | G64: 9.57 | I64: 7.2 | J64: =IF(D64="Acidic",H64,IF(D64="Basic",I64,IF(ABS(H64-7.4)<=ABS(I64-7.4),H64,I64))) -> 7.2 | K64: 0.01657 | L64: - | M64: - | N64: - | O64: - | P64: - | Q64: - | R64: 3 | S64: 4.07 | T64: 1.32 | U64: 6.52 | V64: 7.0383 | W64: 29.562
A65: Venlafaxine | B65: CN(C)CC(C1=CC=C(C=C1)OC)C2(CCCCC2)O | C65: 3° Amine | D65: Basic | E65: 3.0356 | F65: 1.6185 | G65: 10.57 | H65: 14.8 | I65: 9.24 | J65: =IF(D65="Acidic",H65,IF(D65="Basic",I65,IF(ABS(H65-7.4)<=ABS(I65-7.4),H65,I65))) -> 9.24 | K65: 0.151 | L65: 1.31 | M65: 1.3 | N65: 0.32 | O65: 1.52 | P65: 2.3749 | Q65: 10.4 | R65: - | S65: - | T65: - | U65: - | V65: - | W65: -
